,Symbol,Series,Date,Prev Close,Open Price,High Price,Low Price,Last Price,Close Price,Average Price,Total Traded Quantity,Turnover,No. of Trades,Deliverable Qty,% Dly Qt to Traded Qty,Month,Year,VWAP,Day_Perc_Change,Trend
0,RCOM,EQ,2017-05-15,32.45,32.5,32.6,31.7,32.0,32.0,31.99,7126316,227997349.45,11883,1908042,26.77,5,2017,31.990000000000002,0.0,Slight or No change
1,RCOM,EQ,2017-05-16,32.0,32.05,32.35,31.85,32.0,32.1,32.12,7274881,233687705.5,9976,2211910,30.4,5,2017,32.05567055016329,0.0031250000000000444,Slight or No change
2,RCOM,EQ,2017-05-17,32.1,32.1,32.3,31.7,31.9,31.95,31.97,6245114,199636016.25,8838,1399815,22.41,5,2017,32.02975684808777,-0.004672897196261738,Slight or No change
3,RCOM,EQ,2017-05-18,31.95,31.6,31.9,31.0,31.05,31.05,31.34,11189938,350677557.6,17051,3629175,32.43,5,2017,31.787318225209255,-0.028169014084507005,Slight or No change
4,RCOM,EQ,2017-05-19,31.05,31.2,31.45,30.25,30.55,30.55,30.8,11898780,366454736.0,18065,3309529,27.81,5,2017,31.51870328152749,-0.01610305958132041,Slight or No change
5,RCOM,EQ,2017-05-22,30.55,30.75,30.8,29.7,29.9,29.8,30.08,10150535,305352630.7,19810,3463929,34.13,5,2017,31.247691772512578,-0.02454991816693941,Slight or No change
6,RCOM,EQ,2017-05-23,29.8,29.7,29.8,27.2,27.95,28.0,28.16,25930820,730092658.15,42741,5472973,21.11,5,2017,30.244559639033508,-0.06040268456375841,Slight or No change
7,RCOM,EQ,2017-05-24,28.0,28.0,28.2,25.3,25.9,25.9,26.34,46243616,1218051381.35,60442,12211614,26.41,5,2017,28.81221824131366,-0.07500000000000007,Slight or No change
8,RCOM,EQ,2017-05-25,25.9,25.9,26.55,25.15,26.2,25.95,25.9,28257448,731824827.85,35034,6872713,24.32,5,2017,28.27895478611077,0.0019305019305020377,Slight or No change
9,RCOM,EQ,2017-05-26,25.95,26.0,26.3,25.35,25.95,25.75,25.93,14024830,363634445.4,20142,4643580,33.11,5,2017,28.083260086334338,-0.0077071290944122905,Slight or No change
10,RCOM,EQ,2017-05-29,25.75,25.0,25.3,19.7,20.8,20.5,21.29,114681061,2441748320.65,121576,24407844,21.28,5,2017,25.33063100244888,-0.2038834951456311,Slight or No change
11,RCOM,EQ,2017-05-30,20.5,20.0,22.45,18.95,20.2,20.0,20.51,130001062,2666351361.75,131557,24960708,19.2,5,2017,23.813318348980548,-0.024390243902439046,Slight or No change
12,RCOM,EQ,2017-05-31,20.0,20.0,20.7,18.1,20.55,19.9,19.03,231757141,4409651786.1,144306,36142401,15.59,5,2017,22.094025669456897,-0.0050000000000001155,Slight or No change
13,RCOM,EQ,2017-06-01,19.9,20.5,21.15,19.85,20.7,20.75,20.56,119167702,2450061180.35,100392,23621882,19.82,6,2017,21.854734492361114,0.04271356783919611,Slight or No change
14,RCOM,EQ,2017-06-02,20.75,20.5,21.65,20.05,20.7,20.65,20.67,92064997,1902732035.8,76785,18572290,20.17,6,2017,21.727315376812754,-0.004819277108433773,Slight or No change
15,RCOM,EQ,2017-06-05,20.65,21.4,21.6,20.65,20.75,20.8,20.99,62528686,1312642831.15,48525,20457641,32.72,6,2017,21.677123534575973,0.007263922518159882,Slight or No change
16,RCOM,EQ,2017-06-06,20.8,20.8,20.85,19.75,20.2,20.15,20.18,44525105,898335244.25,37179,8623150,19.37,6,2017,21.60790767405516,-0.03125000000000011,Slight or No change
17,RCOM,EQ,2017-06-07,20.15,19.7,19.7,19.15,19.3,19.35,19.45,45032892,875696493.55,35975,11802183,26.21,6,2017,21.51151174690323,-0.03970223325062017,Slight or No change
18,RCOM,EQ,2017-06-08,19.35,19.3,19.4,18.65,18.65,18.75,18.97,32893792,624120950.15,30192,10666086,32.43,6,2017,21.431203982143945,-0.03100775193798455,Slight or No change
19,RCOM,EQ,2017-06-09,18.75,18.5,18.75,18.15,18.7,18.4,18.37,36481400,670055620.8,31954,10796436,29.59,6,2017,21.327557130677043,-0.01866666666666672,Slight or No change
20,RCOM,EQ,2017-06-12,18.4,18.4,19.1,18.1,18.4,18.35,18.53,60514009,1121182625.95,40724,15039813,24.85,6,2017,21.178793627668785,-0.0027173913043476716,Slight or No change
21,RCOM,EQ,2017-06-13,18.35,18.7,18.9,17.9,17.9,18.05,18.31,48409495,886139295.45,42295,13194312,27.26,6,2017,21.06173623112759,-0.016348773841961872,Slight or No change
22,RCOM,EQ,2017-06-14,18.05,18.05,18.45,17.8,18.3,18.3,18.17,26861764,488161412.55,25180,5117563,19.05,6,2017,20.99771281686981,0.013850415512465464,Slight or No change
23,RCOM,EQ,2017-06-15,18.3,18.3,19.2,18.1,19.1,19.05,18.84,46460987,875402816.9,39000,8846100,19.04,6,2017,20.918132212887414,0.040983606557376984,Slight or No change
24,RCOM,EQ,2017-06-16,19.05,19.2,19.35,18.9,19.0,19.05,19.09,38367415,732279978.05,26317,14100255,36.75,6,2017,20.864098425669308,0.0,Slight or No change
25,RCOM,EQ,2017-06-19,19.05,19.15,19.3,19.0,19.05,19.1,19.16,15347919,294077559.95,13575,3704580,24.14,6,2017,20.844185517348162,0.002624671916010568,Slight or No change
26,RCOM,EQ,2017-06-20,19.1,19.05,19.35,18.95,19.05,19.05,19.14,12657900,242294058.6,10761,3266782,25.81,6,2017,20.827918658624924,-0.002617801047120505,Slight or No change
27,RCOM,EQ,2017-06-21,19.05,19.0,19.95,19.0,19.75,19.7,19.61,27711196,543335435.05,25118,6215943,22.43,6,2017,20.802988969516935,0.034120734908136496,Slight or No change
28,RCOM,EQ,2017-06-22,19.7,19.95,20.95,19.8,20.2,20.1,20.42,47859858,977388618.85,41215,10030183,20.96,6,2017,20.789911824834245,0.020304568527918843,Slight or No change
29,RCOM,EQ,2017-06-23,20.1,20.3,21.45,19.9,21.4,21.2,20.83,66228789,1379424681.9,52791,11440536,17.27,6,2017,20.79172053082762,0.05472636815920384,Slight or No change
30,RCOM,EQ,2017-06-27,21.2,21.5,22.2,21.25,21.6,21.7,21.73,54013086,1173855937.8,45197,9231227,17.09,6,2017,20.825020409583963,0.02358490566037741,Slight or No change
31,RCOM,EQ,2017-06-28,21.7,22.0,22.0,20.7,20.9,20.85,21.29,38623787,822353783.9,25594,8180110,21.18,6,2017,20.83652883681607,-0.03917050691244228,Slight or No change
32,RCOM,EQ,2017-06-29,20.85,21.0,22.3,20.95,22.25,22.0,21.64,51864136,1122484028.5,32476,16146865,31.13,6,2017,20.86237318638564,0.05515587529976007,Slight or No change
33,RCOM,EQ,2017-06-30,22.0,22.15,22.2,21.25,21.55,21.5,21.67,25920579,561789872.1,17816,7149114,27.58,6,2017,20.87515102740469,-0.022727272727272707,Slight or No change
34,RCOM,EQ,2017-07-03,21.5,21.6,22.1,21.35,21.75,21.85,21.81,23267104,507403107.75,17301,6405638,27.53,7,2017,20.88824168453486,0.016279069767441978,Slight or No change
35,RCOM,EQ,2017-07-04,21.85,21.95,21.95,20.7,20.95,20.95,21.14,26674009,564009924.7,23669,5544164,20.78,7,2017,20.892219395868004,-0.041189931350114506,Slight or No change
36,RCOM,EQ,2017-07-05,20.95,20.75,22.1,20.35,22.0,21.8,21.41,24868060,532308395.1,22467,7133307,28.68,7,2017,20.899735595820314,0.04057279236276856,Slight or No change
37,RCOM,EQ,2017-07-06,21.8,21.9,22.9,21.6,22.35,22.45,22.39,36589307,819058620.65,27184,8354498,22.83,7,2017,20.93089937147246,0.029816513761467878,Slight or No change
38,RCOM,EQ,2017-07-07,22.45,22.2,22.95,22.0,22.75,22.8,22.52,24148778,543855722.6,21224,4461342,18.47,7,2017,20.95253284051954,0.015590200445434466,Slight or No change
39,RCOM,EQ,2017-07-10,22.8,25.0,25.0,23.25,24.15,24.35,24.28,10085657,244911968.7,13696,2954695,29.3,7,2017,20.971344855077724,0.06798245614035081,Slight or No change
40,RCOM,EQ,2017-07-11,24.35,24.35,24.95,23.75,24.35,24.2,24.44,38248562,934968356.9,37816,6929762,18.12,7,2017,21.044153097659787,-0.006160164271047264,Slight or No change
41,RCOM,EQ,2017-07-12,24.2,24.3,24.6,24.1,24.25,24.3,24.32,17496434,425530025.7,19320,3455437,19.75,7,2017,21.075308066702,0.004132231404958775,Slight or No change
42,RCOM,EQ,2017-07-13,24.3,24.3,24.6,23.65,23.9,23.95,24.08,18775020,452014344.45,18278,4831134,25.73,7,2017,21.10566268751547,-0.01440329218107006,Slight or No change
43,RCOM,EQ,2017-07-14,23.95,23.95,24.45,23.7,24.35,24.3,24.1,17208260,414803103.8,14328,4346601,25.26,7,2017,21.13313399589833,0.014613778705636848,Slight or No change
44,RCOM,EQ,2017-07-17,24.3,24.2,24.75,24.2,24.35,24.35,24.38,8709874,212334343.8,8572,2652790,30.46,7,2017,21.148141410653075,0.002057613168724215,Slight or No change
45,RCOM,EQ,2017-07-18,24.35,24.5,24.7,23.45,23.7,23.7,24.0,18202674,436831895.85,15013,4005506,22.01,7,2017,21.175426023234035,-0.026694045174538106,Slight or No change
46,RCOM,EQ,2017-07-19,23.7,23.8,24.9,23.8,24.65,24.75,24.5,28816833,705926807.7,25266,7607772,26.4,7,2017,21.22502906543382,0.044303797468354444,Slight or No change
47,RCOM,EQ,2017-07-20,24.75,24.5,24.7,24.1,24.5,24.45,24.47,11478546,280906302.45,12670,2937148,25.59,7,2017,21.244200311296268,-0.0121212121212122,Slight or No change
48,RCOM,EQ,2017-07-21,24.45,24.5,24.75,23.8,24.35,24.25,24.22,20771213,503098341.35,19469,3625798,17.46,7,2017,21.275677782986676,-0.008179959100204415,Slight or No change
49,RCOM,EQ,2017-07-24,24.25,24.3,24.95,24.1,24.85,24.75,24.56,19701090,483926240.4,18762,5520193,28.02,7,2017,21.308301602124367,0.020618556701030855,Slight or No change
50,RCOM,EQ,2017-07-25,24.75,24.85,25.95,24.8,25.6,25.55,25.48,30939505,788459367.9,38646,7274861,23.51,7,2017,21.372378658187817,0.03232323232323231,Slight or No change
51,RCOM,EQ,2017-07-26,25.55,25.75,25.85,25.2,25.65,25.7,25.59,15106273,386558588.85,15634,4607744,30.5,7,2017,21.403773359303162,0.005870841487279899,Slight or No change
52,RCOM,EQ,2017-07-27,25.7,25.75,25.95,25.15,25.75,25.7,25.6,22668898,580349778.0,21441,7982243,35.21,7,2017,21.45012835132227,0.0,Slight or No change
53,RCOM,EQ,2017-07-28,25.7,25.5,26.7,25.2,26.35,26.45,26.24,22469321,589486477.45,25103,4382321,19.5,7,2017,21.502007339585646,0.029182879377431803,Slight or No change
54,RCOM,EQ,2017-07-31,26.45,26.2,26.6,25.65,26.25,26.25,26.16,18081784,472997854.5,16455,4179541,23.11,7,2017,21.542255758594543,-0.007561436672967825,Slight or No change
55,RCOM,EQ,2017-08-01,26.25,26.4,26.55,25.65,25.8,25.8,25.99,8980784,233421813.85,10897,1868999,20.81,8,2017,21.561262294028733,-0.017142857142857126,Slight or No change
56,RCOM,EQ,2017-08-02,25.8,25.8,26.05,24.7,24.8,25.0,25.42,13264344,337244619.6,15520,2808211,21.17,8,2017,21.58546408405919,-0.03100775193798455,Slight or No change
57,RCOM,EQ,2017-08-03,25.0,24.75,24.75,22.85,23.15,23.1,23.46,33210562,779096545.85,42836,6919063,20.83,8,2017,21.61444549692288,-0.07599999999999996,Slight or No change
58,RCOM,EQ,2017-08-04,23.1,23.35,23.65,22.1,23.3,23.3,22.94,20596221,472444811.9,19796,2914605,14.15,8,2017,21.627034473615186,0.008658008658008587,Slight or No change
59,RCOM,EQ,2017-08-07,23.3,23.3,24.1,23.25,23.75,23.9,23.72,10010204,237414767.2,9287,1992633,19.91,8,2017,21.636650824245567,0.025751072961373245,Slight or No change
60,RCOM,EQ,2017-08-08,23.9,24.05,24.1,22.65,23.0,22.9,23.28,13995098,325873770.4,13750,3062651,21.88,8,2017,21.647139731675516,-0.04184100418410042,Slight or No change
61,RCOM,EQ,2017-08-09,22.9,22.85,23.3,22.0,22.2,22.2,22.64,14895690,337303154.4,16584,2188992,14.7,8,2017,21.65383908477879,-0.03056768558951961,Slight or No change
62,RCOM,EQ,2017-08-10,22.2,22.4,22.4,20.35,21.55,21.2,21.49,19092243,410273159.9,19891,3839150,20.11,8,2017,21.652434271095192,-0.04504504504504503,Slight or No change
63,RCOM,EQ,2017-08-11,21.2,20.95,21.35,19.9,20.65,20.75,20.72,17576664,364173778.05,21828,3461072,19.69,8,2017,21.64513155849836,-0.021226415094339535,Slight or No change
64,RCOM,EQ,2017-08-14,20.75,20.7,24.75,20.05,23.9,24.1,23.23,54805506,1273353784.95,68046,5685912,10.37,8,2017,21.68291214533592,0.16144578313253022,Slight or No change
65,RCOM,EQ,2017-08-16,24.1,24.0,24.0,22.55,23.25,23.35,23.2,24419101,566544225.0,31390,3447662,14.12,8,2017,21.69885636286636,-0.03112033195020747,Slight or No change
66,RCOM,EQ,2017-08-17,23.35,23.35,23.75,22.9,23.1,23.2,23.33,16257814,379253606.95,18237,2078014,12.78,8,2017,21.710190511341775,-0.0064239828693790635,Slight or No change
67,RCOM,EQ,2017-08-18,23.2,22.9,25.1,22.65,24.1,24.15,24.06,39115103,941160890.5,40135,5033330,12.87,8,2017,21.748828209617148,0.04094827586206895,Slight or No change
68,RCOM,EQ,2017-08-21,24.15,24.1,24.5,23.25,23.4,23.4,23.84,16564924,394916493.2,21212,3357775,20.27,8,2017,21.763289251162455,-0.03105590062111796,Slight or No change
69,RCOM,EQ,2017-08-22,23.4,23.5,24.0,22.65,22.9,22.9,23.27,20863144,485419360.0,20168,2008411,9.63,8,2017,21.776298849420762,-0.021367521367521403,Slight or No change
70,RCOM,EQ,2017-08-23,22.9,22.9,23.25,22.7,23.0,23.05,22.98,13907376,319618130.2,15031,1220396,8.78,8,2017,21.783187364374815,0.0065502183406114245,Slight or No change
71,RCOM,EQ,2017-08-24,23.05,23.0,23.2,22.6,22.95,22.9,22.92,10465137,239834638.5,11728,1166757,11.15,8,2017,21.7880618562013,-0.006507592190889477,Slight or No change
72,RCOM,EQ,2017-08-28,22.9,23.0,23.5,22.95,23.25,23.25,23.29,10510360,244823766.15,11865,1848259,17.59,8,2017,21.794502050201853,0.015283842794759916,Slight or No change
73,RCOM,EQ,2017-08-29,23.25,23.25,23.5,22.4,22.6,22.55,23.0,19376067,445648205.15,18367,2924501,15.09,8,2017,21.80395662211962,-0.03010752688172036,Slight or No change
74,RCOM,EQ,2017-08-30,22.55,22.7,23.05,22.5,22.75,22.7,22.86,13658571,312227886.6,17518,1459144,10.68,8,2017,21.809762960759354,0.006651884700665134,Slight or No change
75,RCOM,EQ,2017-08-31,22.7,22.85,23.5,22.65,23.4,23.3,22.99,15522124,356921833.8,13583,3949529,25.44,8,2017,21.817091721426916,0.026431718061673992,Slight or No change
76,RCOM,EQ,2017-09-01,23.3,23.5,23.95,23.3,23.35,23.45,23.56,11887242,280040891.7,12000,2122934,17.86,9,2017,21.825340799594056,0.006437768240343367,Slight or No change
77,RCOM,EQ,2017-09-04,23.45,23.3,23.35,22.4,22.9,22.8,22.81,12613803,287757791.85,13043,2044662,16.21,9,2017,21.83026126411982,-0.02771855010660973,Slight or No change
78,RCOM,EQ,2017-09-05,22.8,23.1,23.15,22.25,22.7,22.6,22.72,12728914,289215133.2,12274,1945331,15.28,9,2017,21.834725462068004,-0.00877192982456132,Slight or No change
79,RCOM,EQ,2017-09-06,22.6,22.8,22.9,22.3,22.6,22.55,22.6,12845214,290277199.95,17336,1500214,11.68,9,2017,21.838580732071577,-0.0022123893805310324,Slight or No change
80,RCOM,EQ,2017-09-07,22.55,22.6,22.8,22.2,22.3,22.35,22.43,13067482,293069360.6,19967,3273780,25.05,9,2017,21.84159626118451,-0.008869179600886845,Slight or No change
81,RCOM,EQ,2017-09-08,22.35,22.35,22.6,22.0,22.2,22.15,22.25,9269310,206255233.7,16439,1376836,14.85,9,2017,21.84306804947263,-0.008948545861297674,Slight or No change
82,RCOM,EQ,2017-09-11,22.15,22.3,22.5,22.05,22.1,22.1,22.24,7675457,170680714.85,9084,1442437,18.79,9,2017,21.844249007553486,-0.0022573363431149795,Slight or No change
83,RCOM,EQ,2017-09-12,22.1,22.35,23.35,22.0,22.7,22.65,22.58,15278304,344925044.9,15371,2601665,17.03,9,2017,21.848580681460106,0.02488687782805421,Slight or No change
84,RCOM,EQ,2017-09-13,22.65,22.7,23.1,21.2,21.7,21.75,22.35,28608760,639518841.25,31584,3964720,13.86,9,2017,21.8540481749979,-0.039735099337748325,Slight or No change
85,RCOM,EQ,2017-09-14,21.75,21.35,21.75,21.1,21.6,21.55,21.44,20935135,448821052.45,23994,3115805,14.88,9,2017,21.850770520172894,-0.009195402298850519,Slight or No change
86,RCOM,EQ,2017-09-15,21.55,21.55,21.55,19.75,20.4,20.45,20.73,29415254,609818659.8,26649,9365467,31.84,9,2017,21.83844168552846,-0.051044083526682216,Slight or No change
87,RCOM,EQ,2017-09-18,20.45,20.25,20.55,19.9,20.15,20.2,20.15,21450598,432291942.9,50071,5906818,27.54,9,2017,21.825005120177288,-0.012224938875305624,Slight or No change
88,RCOM,EQ,2017-09-19,20.2,20.1,20.7,19.55,20.1,20.1,20.04,22918286,459292145.9,26426,5146417,22.46,9,2017,21.809956127350972,-0.004950495049504844,Slight or No change
89,RCOM,EQ,2017-09-20,20.1,19.65,20.1,19.3,19.75,19.75,19.74,22388972,441975996.3,35054,3891054,17.38,9,2017,21.793047089431656,-0.017412935323383172,Slight or No change
90,RCOM,EQ,2017-09-21,19.75,19.75,21.5,19.6,20.8,20.95,20.78,67554145,1403588693.6,46317,15671491,23.2,9,2017,21.768678483300352,0.060759493670885956,Slight or No change
91,RCOM,EQ,2017-09-22,20.95,20.9,21.25,19.65,19.9,19.85,20.46,43054253,880821178.95,36021,7448358,17.3,9,2017,21.74891832091968,-0.05250596658711204,Slight or No change
92,RCOM,EQ,2017-09-25,19.85,19.9,20.25,19.2,19.65,19.9,19.74,33945009,670192219.0,25363,3574989,10.53,9,2017,21.725284165054553,0.0025188916876572875,Slight or No change
93,RCOM,EQ,2017-09-26,19.9,19.85,20.1,19.55,19.75,19.75,19.79,17811732,352405770.65,12690,3388555,19.02,9,2017,21.71341062965049,-0.007537688442211032,Slight or No change
94,RCOM,EQ,2017-09-27,19.75,19.85,19.95,18.75,19.15,19.05,19.36,27139601,525348902.75,22858,4127523,15.21,9,2017,21.691614003772305,-0.03544303797468351,Slight or No change
95,RCOM,EQ,2017-09-28,19.05,19.15,20.6,18.9,20.5,19.9,19.48,29748725,579455329.0,21927,7851976,26.39,9,2017,21.6693870978024,0.044619422572178324,Slight or No change
96,RCOM,EQ,2017-09-29,19.9,20.4,20.4,19.05,19.2,19.2,19.61,29115900,570965006.55,24642,7161645,24.6,9,2017,21.6493276693407,-0.035175879396984855,Slight or No change
97,RCOM,EQ,2017-10-03,19.2,18.65,18.7,16.75,17.15,17.1,17.52,84656937,1483177297.7,67694,16108234,19.03,10,2017,21.535600711572247,-0.10937499999999989,Slight or No change
98,RCOM,EQ,2017-10-04,17.1,17.1,17.6,16.75,17.3,17.2,17.18,46100337,791795374.6,50452,4394483,9.53,10,2017,21.471241811623074,0.005847953216374213,Slight or No change
99,RCOM,EQ,2017-10-05,17.2,17.0,17.25,16.8,17.05,17.1,17.04,24864059,423577464.3,34032,2565639,10.32,10,2017,21.436206453651725,-0.005813953488371992,Slight or No change
100,RCOM,EQ,2017-10-06,17.1,17.05,17.5,17.0,17.3,17.2,17.22,22785563,392365426.65,45815,3034269,13.32,10,2017,21.40587764334196,0.005847953216374213,Slight or No change
101,RCOM,EQ,2017-10-09,17.2,17.1,17.25,16.75,16.8,16.85,16.97,22476645,381476210.7,16656,5441281,24.21,10,2017,21.37462304119872,-0.02034883720930225,Slight or No change
102,RCOM,EQ,2017-10-10,16.85,16.85,16.9,16.35,16.85,16.7,16.66,23658121,394149699.65,50510,4128256,17.45,10,2017,21.33991571080196,-0.008902077151335397,Slight or No change
103,RCOM,EQ,2017-10-11,16.7,16.75,16.95,15.95,16.2,16.3,16.42,33027854,542445312.35,49404,6940155,21.01,10,2017,21.28986716555843,-0.0239520958083832,Slight or No change
104,RCOM,EQ,2017-10-12,16.3,16.3,16.35,15.9,16.15,16.25,16.13,19313948,311545355.45,13871,3291828,17.04,10,2017,21.2593540066366,-0.0030674846625767804,Slight or No change
105,RCOM,EQ,2017-10-13,16.25,16.25,17.5,16.25,17.0,17.05,16.88,35829306,604810612.5,29210,6819704,19.03,10,2017,21.21183277686128,0.04923076923076919,Slight or No change
106,RCOM,EQ,2017-10-16,17.05,17.2,17.35,16.75,17.0,17.05,17.05,25111919,428279633.95,19240,3612630,14.39,10,2017,21.180419496831625,0.0,Slight or No change
107,RCOM,EQ,2017-10-17,17.05,17.15,17.35,16.7,17.0,17.05,16.99,29103796,494550852.3,17323,8629960,29.65,10,2017,21.144080469348758,0.0,Slight or No change
108,RCOM,EQ,2017-10-18,17.05,16.95,17.0,16.65,16.95,16.8,16.85,17838396,300626870.4,10330,3481820,19.52,10,2017,21.12137712276277,-0.014662756598240456,Slight or No change
109,RCOM,EQ,2017-10-19,16.8,16.9,17.0,16.25,16.35,16.4,16.58,9049260,150050956.3,6006,2497755,27.6,10,2017,21.10922922112868,-0.023809523809523947,Slight or No change
110,RCOM,EQ,2017-10-23,16.4,16.5,17.95,16.45,17.6,17.7,17.47,67983878,1187768557.6,37772,12536551,18.44,10,2017,21.03753651175362,0.0792682926829269,Slight or No change
111,RCOM,EQ,2017-10-24,17.7,18.1,18.2,16.8,16.85,16.95,17.39,43561847,757505688.75,27660,8676776,19.92,10,2017,20.992067265811546,-0.0423728813559322,Slight or No change
112,RCOM,EQ,2017-10-25,16.95,16.95,17.1,16.1,16.55,16.45,16.51,38095441,629067007.2,29964,7794636,20.46,10,2017,20.943733084294095,-0.029498525073746285,Slight or No change
113,RCOM,EQ,2017-10-26,16.45,16.15,16.3,15.65,15.75,15.8,15.96,39293408,626953632.75,28535,12778956,32.52,10,2017,20.888908737255118,-0.03951367781155002,Slight or No change
114,RCOM,EQ,2017-10-27,15.8,15.8,16.25,15.7,16.0,15.9,16.0,22339978,357357918.3,15873,4368608,19.56,10,2017,20.858521872083784,0.006329113924050667,Slight or No change
115,RCOM,EQ,2017-10-30,15.9,16.05,16.1,15.55,15.8,15.75,15.8,23229626,367124029.3,16146,6481961,27.9,10,2017,20.82603863752874,-0.009433962264150941,Slight or No change
116,RCOM,EQ,2017-10-31,15.75,16.55,18.3,16.55,17.15,17.1,17.26,111014103,1915966186.75,76161,15162474,13.66,10,2017,20.719861672276988,0.08571428571428585,Slight or No change
117,RCOM,EQ,2017-11-01,17.1,17.3,17.35,16.75,16.95,17.0,17.01,32763220,557218852.15,18379,5225094,15.95,11,2017,20.6875461765647,-0.005847953216374324,Slight or No change
118,RCOM,EQ,2017-11-02,17.0,16.9,17.45,16.8,17.35,17.3,17.15,33371248,572410988.65,17339,5687803,17.04,11,2017,20.65643582840715,0.01764705882352935,Slight or No change
119,RCOM,EQ,2017-11-03,17.3,17.4,17.45,16.75,16.95,16.9,17.04,28801875,490868861.95,14430,5810865,20.18,11,2017,20.629193268715962,-0.023121387283237094,Slight or No change
120,RCOM,EQ,2017-11-06,16.9,15.8,16.2,15.5,15.85,15.85,15.91,33793987,537627877.65,24339,8168858,24.17,11,2017,20.587847423749594,-0.062130177514792884,Slight or No change
121,RCOM,EQ,2017-11-07,15.85,16.2,16.35,15.3,15.5,15.55,15.81,42904914,678318476.5,25023,9423205,21.96,11,2017,20.535286874948728,-0.018927444794952564,Slight or No change
122,RCOM,EQ,2017-11-08,15.55,15.65,15.95,15.45,15.75,15.6,15.7,25213365,395778137.05,17716,4356436,17.28,11,2017,20.504228761760125,0.003215434083601254,Slight or No change
123,RCOM,EQ,2017-11-09,15.6,15.9,15.95,14.85,15.05,15.0,15.21,30889340,469703453.6,21924,6931159,22.44,11,2017,20.46289269310181,-0.038461538461538436,Slight or No change
124,RCOM,EQ,2017-11-10,15.0,15.0,15.0,13.9,13.95,14.05,14.2,45628038,647939985.45,30709,13956726,30.59,11,2017,20.391485088670365,-0.06333333333333324,Slight or No change
125,RCOM,EQ,2017-11-13,14.05,13.4,13.4,12.05,12.25,12.15,12.48,64598753,806102241.65,45559,18675798,28.91,11,2017,20.265805319839654,-0.13523131672597866,Slight or No change
126,RCOM,EQ,2017-11-14,12.15,12.1,12.4,11.4,11.55,11.6,11.78,73216825,862245868.05,48718,12393734,16.93,11,2017,20.115720332729214,-0.04526748971193417,Slight or No change
127,RCOM,EQ,2017-11-15,11.6,11.4,11.5,9.6,10.35,10.1,10.5,112622356,1182313888.05,57601,18609003,16.52,11,2017,19.861047651591928,-0.1293103448275862,Slight or No change
128,RCOM,EQ,2017-11-16,10.1,9.95,12.1,9.65,12.0,11.7,10.77,173455885,1868002712.5,86409,18713766,10.79,11,2017,19.504748039444088,0.15841584158415833,Slight or No change
129,RCOM,EQ,2017-11-17,11.7,12.45,12.6,11.65,12.3,12.1,12.06,95324984,1149516065.4,53136,12161524,12.76,11,2017,19.34777888997256,0.03418803418803429,Slight or No change
130,RCOM,EQ,2017-11-20,12.1,11.9,12.3,11.45,12.0,12.05,11.9,60410871,718739291.95,32967,6251217,10.35,11,2017,19.24957361820341,-0.004132231404958553,Slight or No change
131,RCOM,EQ,2017-11-21,12.05,12.05,13.75,12.05,13.6,13.5,13.2,160993510,2124534124.2,76942,13310229,8.27,11,2017,19.044208353482365,0.1203319502074689,Slight or No change
132,RCOM,EQ,2017-11-22,13.5,13.6,14.2,13.6,13.95,13.95,13.93,85245194,1187141887.4,46378,8049099,9.44,11,2017,18.953904734934138,0.033333333333333215,Slight or No change
133,RCOM,EQ,2017-11-23,13.95,13.95,14.1,13.45,13.6,13.6,13.71,41097447,563373666.95,23691,4858425,11.82,11,2017,18.90964130523931,-0.02508960573476704,Slight or No change
134,RCOM,EQ,2017-11-24,13.6,13.7,13.95,13.35,13.55,13.55,13.67,33644380,459752726.25,20383,5034610,14.96,11,2017,18.873683035256335,-0.00367647058823517,Slight or No change
135,RCOM,EQ,2017-11-27,13.55,13.5,13.5,13.1,13.4,13.35,13.31,29137460,387814344.55,15040,3292243,11.3,11,2017,18.840811104103523,-0.014760147601476148,Slight or No change
136,RCOM,EQ,2017-11-28,13.35,13.0,13.0,12.1,12.8,12.85,12.73,75481262,960786058.45,35361,7521781,9.97,11,2017,18.748691432874644,-0.03745318352059923,Slight or No change
137,RCOM,EQ,2017-11-29,12.85,13.0,13.35,12.3,12.4,12.45,12.69,61748013,783695764.2,29761,8269810,13.39,11,2017,18.674885176567557,-0.0311284046692607,Slight or No change
138,RCOM,EQ,2017-11-30,12.45,12.25,12.8,12.15,12.55,12.6,12.47,60208761,751077786.45,21335,8037802,13.35,11,2017,18.60204742173358,0.012048192771084265,Slight or No change
139,RCOM,EQ,2017-12-01,12.6,12.75,12.95,12.2,12.3,12.35,12.53,43300888,542707588.95,16132,4769759,11.02,12,2017,18.5512146229899,-0.019841269841269882,Slight or No change
140,RCOM,EQ,2017-12-04,12.35,12.4,12.45,11.35,11.6,11.5,11.82,64791231,765775368.1,26729,6271384,9.68,12,2017,18.46793948650157,-0.06882591093117407,Slight or No change
141,RCOM,EQ,2017-12-05,11.5,11.2,11.5,10.7,11.45,11.35,11.07,80781882,894271535.35,32199,5673198,7.02,12,2017,18.35556113493925,-0.013043478260869601,Slight or No change
142,RCOM,EQ,2017-12-06,11.35,11.35,11.35,10.6,10.75,10.75,11.04,63918770,705518864.75,24364,8059584,12.61,12,2017,18.268676078166852,-0.052863436123347984,Slight or No change
143,RCOM,EQ,2017-12-07,10.75,10.8,11.25,10.8,11.1,11.15,11.06,45027184,497931035.25,19502,5616517,12.47,12,2017,18.208865097269683,0.037209302325581506,Slight or No change
144,RCOM,EQ,2017-12-08,11.15,11.2,12.05,11.15,11.65,11.65,11.67,92804330,1083282595.2,36256,6487916,6.99,12,2017,18.09892472397254,0.04484304932735417,Slight or No change
145,RCOM,EQ,2017-12-11,11.65,11.7,11.9,11.45,11.6,11.6,11.64,30778244,358225767.35,12677,4941883,16.06,12,2017,18.063108837126947,-0.0042918454935623185,Slight or No change
146,RCOM,EQ,2017-12-12,11.6,11.7,11.85,11.5,11.65,11.65,11.61,19136137,222215346.65,9671,2346146,12.26,12,2017,18.04093707657232,0.004310344827586299,Slight or No change
147,RCOM,EQ,2017-12-13,11.65,11.6,11.65,11.1,11.35,11.3,11.42,29526900,337112000.1,11367,3189225,10.8,12,2017,18.006021604158338,-0.030042918454935563,Slight or No change
148,RCOM,EQ,2017-12-14,11.3,11.4,12.1,11.0,11.95,11.9,11.67,62521413,729378930.85,24115,7656059,12.25,12,2017,17.936052960588718,0.05309734513274322,Slight or No change
149,RCOM,EQ,2017-12-15,11.9,12.0,12.1,11.65,11.9,11.85,11.87,36807566,436768723.8,16170,5856295,15.91,12,2017,17.89687092358219,-0.004201680672269004,Slight or No change
150,RCOM,EQ,2017-12-18,11.85,11.95,12.1,11.0,11.85,11.8,11.78,29887258,352217019.15,13804,4354599,14.57,12,2017,17.86495648107143,-0.00421940928270037,Slight or No change
151,RCOM,EQ,2017-12-19,11.8,12.0,13.05,11.85,13.05,12.75,12.41,54839666,680742962.05,29231,8674834,15.82,12,2017,17.8132291511943,0.0805084745762712,Slight or No change
152,RCOM,EQ,2017-12-20,12.75,13.0,18.45,12.9,17.1,17.3,15.33,263393051,4037974058.45,129144,28169715,10.69,12,2017,17.705057749658316,0.3568627450980393,Slight or No change
153,RCOM,EQ,2017-12-21,17.3,18.5,19.6,17.05,18.0,17.95,18.35,353649231,6490926908.65,250889,37604065,10.63,12,2017,17.740694582776996,0.037572254335260125,Slight or No change
154,RCOM,EQ,2017-12-22,17.95,18.45,18.8,15.4,16.3,16.3,17.23,204056290,3515809217.85,116005,26469113,12.97,12,2017,17.72491532944134,-0.09192200557103059,Slight or No change
155,RCOM,EQ,2017-12-26,16.3,16.55,23.2,16.5,23.0,21.5,19.6,490348330,9610507212.6,272951,63398423,12.93,12,2017,17.85451281530985,0.3190184049079754,Slight or No change
156,RCOM,EQ,2017-12-27,21.5,23.65,29.95,23.65,28.6,28.7,27.45,781836478,21461047511.85,586307,70128853,8.97,12,2017,18.806984776785985,0.33488372093023244,Slight or No change
157,RCOM,EQ,2017-12-28,28.7,30.6,34.4,29.25,31.35,30.9,32.32,774653485,25036250776.85,639231,70135068,9.05,12,2017,20.01699216073867,0.0766550522648084,Slight or No change
158,RCOM,EQ,2017-12-29,30.9,33.95,40.15,33.95,36.3,36.15,36.58,685286689,25066618931.0,648577,81671630,11.92,12,2017,21.232708655707427,0.16990291262135915,Slight or No change
159,RCOM,EQ,2018-01-01,36.15,37.25,37.45,33.6,35.1,35.35,35.68,352686945,12584115702.15,329462,30726809,8.71,1,2018,21.75859659199569,-0.022130013831258566,Slight or No change
160,RCOM,EQ,2018-01-02,35.35,35.25,35.45,31.15,32.3,32.4,33.17,285012342,9454117648.35,248814,31619769,11.09,1,2018,22.084680432690757,-0.08345120226308356,Slight or No change
161,RCOM,EQ,2018-01-03,32.4,32.0,32.15,30.1,30.55,30.55,30.84,233379852,7196605254.95,190505,26191379,11.22,1,2018,22.284858778116373,-0.057098765432098686,Slight or No change
162,RCOM,EQ,2018-01-04,30.55,30.5,34.9,28.15,33.9,33.3,31.05,413019383,12823022085.3,331332,36379168,8.81,1,2018,22.62572555431101,0.09001636661211121,Slight or No change
163,RCOM,EQ,2018-01-05,33.3,34.6,36.15,33.35,33.95,34.0,34.87,423033249,14751175426.4,349227,38681515,9.14,1,2018,23.09475465529058,0.021021021021021102,Slight or No change
164,RCOM,EQ,2018-01-08,34.0,34.35,34.8,33.05,33.85,33.9,34.01,145445206,4946364790.1,118750,14418081,9.91,1,2018,23.23664170097638,-0.002941176470588225,Slight or No change
165,RCOM,EQ,2018-01-09,33.9,33.9,33.9,32.35,32.45,32.7,32.95,103648196,3415226567.55,96232,11644451,11.23,1,2018,23.325794802169185,-0.03539823008849541,Slight or No change
166,RCOM,EQ,2018-01-10,32.7,33.3,34.1,32.7,33.3,33.2,33.34,108120944,3605173560.15,96923,10432981,9.65,1,2018,23.420766291776165,0.015290519877675823,Slight or No change
167,RCOM,EQ,2018-01-11,33.2,32.9,33.6,32.25,32.7,32.8,32.82,79351931,2604703594.0,68810,7562120,9.53,1,2018,23.4857350488911,-0.012048192771084487,Slight or No change
168,RCOM,EQ,2018-01-12,32.8,32.7,32.9,30.6,31.2,31.3,31.78,90176118,2865615047.5,79690,12126705,13.45,1,2018,23.550378717615388,-0.0457317073170731,Slight or No change
169,RCOM,EQ,2018-01-15,31.3,31.4,32.1,30.7,31.6,31.55,31.57,68852507,2173847511.6,58249,8246168,11.98,1,2018,23.59781967317257,0.007987220447284393,Slight or No change
170,RCOM,EQ,2018-01-16,31.55,31.65,33.1,30.9,31.25,31.2,31.93,144438289,4612007975.5,116604,11963711,8.28,1,2018,23.699952299016136,-0.011093502377179099,Slight or No change
171,RCOM,EQ,2018-01-17,31.2,31.5,32.95,30.3,32.85,32.35,31.58,111211776,3511663392.6,90535,16970626,15.26,1,2018,23.773627873095005,0.03685897435897445,Slight or No change
172,RCOM,EQ,2018-01-18,32.35,32.95,33.2,27.6,29.0,29.35,30.99,126454099,3918421291.6,116288,23827663,18.84,1,2018,23.849538590136817,-0.09273570324574965,Slight or No change
173,RCOM,EQ,2018-01-19,29.35,28.8,29.95,27.75,29.15,29.45,28.82,120503938,3472387567.8,108947,10972143,9.11,1,2018,23.898869304057563,0.0034071550255536653,Slight or No change
174,RCOM,EQ,2018-01-22,29.45,29.0,29.35,28.3,28.4,28.65,28.82,55758132,1606780972.9,59198,6492323,11.64,1,2018,23.921365171090486,-0.02716468590831922,Slight or No change
175,RCOM,EQ,2018-01-23,28.65,28.4,31.3,28.35,29.15,29.25,29.8,146096411,4353195919.75,110382,10873336,7.44,1,2018,23.990943622735344,0.020942408376963373,Slight or No change
176,RCOM,EQ,2018-01-24,29.25,28.7,29.55,28.6,28.75,28.75,28.92,57890888,1674398359.45,49765,4969518,8.58,1,2018,24.013952777481418,-0.017094017094017144,Slight or No change
177,RCOM,EQ,2018-01-25,28.75,28.9,29.2,28.0,28.35,28.35,28.51,62098714,1770588405.75,48312,8007050,12.89,1,2018,24.036353957392155,-0.013913043478260834,Slight or No change
178,RCOM,EQ,2018-01-29,28.35,28.75,28.85,26.5,27.2,27.2,27.75,108933206,3022866828.75,96858,9049960,8.31,1,2018,24.068530466124724,-0.040564373897707284,Slight or No change
179,RCOM,EQ,2018-01-30,27.2,28.0,32.4,27.4,30.2,30.05,30.54,304197740,9290635610.15,270002,29995113,9.86,1,2018,24.22141169645491,0.10477941176470584,Slight or No change
180,RCOM,EQ,2018-01-31,30.05,30.05,31.05,28.9,29.45,29.45,29.82,117149717,3493788447.0,104362,9514895,8.12,1,2018,24.27188733139497,-0.019966722129783787,Slight or No change
181,RCOM,EQ,2018-02-01,29.45,29.45,29.9,28.4,28.65,28.6,29.01,61128408,1773114779.1,62722,6579552,10.76,2,2018,24.294072982311576,-0.028862478777589073,Slight or No change
182,RCOM,EQ,2018-02-02,28.6,28.0,28.25,24.5,26.2,26.1,26.59,98805318,2626758806.25,98173,11386603,11.52,2,2018,24.311318949960782,-0.0874125874125874,Slight or No change
183,RCOM,EQ,2018-02-05,26.1,24.75,26.75,22.95,26.35,26.25,25.56,93472759,2389178871.95,86780,8023354,8.58,2,2018,24.320129651782775,0.005747126436781658,Slight or No change
184,RCOM,EQ,2018-02-06,26.25,24.4,25.4,23.7,24.45,24.55,24.61,69365330,1707262224.45,65962,9036574,13.03,2,2018,24.321639565218,-0.06476190476190469,Slight or No change
185,RCOM,EQ,2018-02-07,24.55,25.0,26.05,24.75,25.15,25.15,25.25,70231788,1773643764.8,57946,9121298,12.99,2,2018,24.32651004451591,0.024439918533604832,Slight or No change
186,RCOM,EQ,2018-02-08,25.15,25.5,27.25,25.2,26.8,26.55,26.42,110606868,2922254514.7,92380,9586838,8.67,2,2018,24.34366544182557,0.055666003976143186,Slight or No change
187,RCOM,EQ,2018-02-09,26.55,25.4,28.0,25.25,26.95,27.0,26.69,104526292,2789943844.3,83658,6756435,6.46,2,2018,24.361696159083213,0.016949152542372836,Slight or No change
188,RCOM,EQ,2018-02-12,27.0,27.1,27.95,26.8,27.15,27.1,27.39,72132568,1976043699.6,58381,5876386,8.15,2,2018,24.37767080886896,0.0037037037037037646,Slight or No change
189,RCOM,EQ,2018-02-14,27.1,27.55,30.2,27.5,29.3,29.6,29.18,175737302,5128456520.5,143521,14660899,8.34,2,2018,24.438606322404233,0.09225092250922518,Slight or No change
190,RCOM,EQ,2018-02-15,29.6,29.45,30.55,27.55,27.9,27.95,29.04,110290749,3203043093.7,90376,13430564,12.18,2,2018,24.47495916257741,-0.05574324324324331,Slight or No change
191,RCOM,EQ,2018-02-16,27.95,28.4,29.0,27.6,28.45,28.35,28.25,84858890,2397531463.5,77373,5048363,5.95,2,2018,24.497767673712687,0.014311270125223707,Slight or No change
192,RCOM,EQ,2018-02-19,28.35,28.95,29.0,27.75,28.4,28.45,28.4,65756683,1867589382.25,53211,5303570,8.07,2,2018,24.515952216998556,0.003527336860670083,Slight or No change
193,RCOM,EQ,2018-02-20,28.45,28.6,28.9,27.55,28.0,27.85,28.08,54181125,1521545190.4,45058,4907446,9.06,2,2018,24.529584749653115,-0.02108963093145866,Slight or No change
194,RCOM,EQ,2018-02-21,27.85,28.05,28.4,27.55,28.1,28.0,27.98,53366023,1493087070.4,40342,4014624,7.52,2,2018,24.54253529619112,0.0053859964093356805,Slight or No change
195,RCOM,EQ,2018-02-22,28.0,27.95,28.35,27.15,27.3,27.35,27.77,48059301,1334477768.3,38749,6508890,13.54,2,2018,24.55340769468574,-0.023214285714285632,Slight or No change
196,RCOM,EQ,2018-02-23,27.35,27.5,27.95,27.4,27.55,27.6,27.64,33561141,927584503.7,28787,5999958,17.88,2,2018,24.560651752944324,0.009140767824497242,Slight or No change
197,RCOM,EQ,2018-02-26,27.6,27.85,30.95,27.6,29.65,29.75,29.58,146393665,4330214614.55,124226,19929895,13.61,2,2018,24.61151594284027,0.0778985507246377,Slight or No change
198,RCOM,EQ,2018-02-27,29.75,29.9,30.1,27.8,27.95,28.0,28.65,77599689,2222971086.9,62259,11565797,14.9,2,2018,24.63309310207496,-0.05882352941176472,Slight or No change
199,RCOM,EQ,2018-02-28,28.0,27.85,28.9,26.5,28.3,28.35,28.05,82662554,2319080099.55,72547,11093293,13.42,2,2018,24.652430280740248,0.012499999999999956,Slight or No change
200,RCOM,EQ,2018-03-01,28.35,28.05,29.4,27.7,27.95,27.9,28.27,81087484,2292523809.35,61053,5946713,7.33,3,2018,24.672402098358393,-0.015873015873015928,Slight or No change
201,RCOM,EQ,2018-03-05,27.9,28.15,28.55,27.1,27.6,27.75,27.85,67491872,1879518924.9,48726,6791746,10.06,3,2018,24.686936802625215,-0.005376344086021501,Slight or No change
202,RCOM,EQ,2018-03-06,27.75,27.55,28.7,25.0,25.95,26.35,27.56,97104804,2676041846.85,71822,10551682,10.87,3,2018,24.705721012067603,-0.05045045045045038,Slight or No change
203,RCOM,EQ,2018-03-07,26.35,26.35,26.75,24.4,25.3,25.2,25.66,103582731,2657655290.4,79882,9462475,9.14,3,2018,24.712330250231446,-0.0436432637571158,Slight or No change
204,RCOM,EQ,2018-03-08,25.2,26.0,26.7,24.35,25.1,25.1,25.31,111977377,2833740828.8,89997,6655658,5.94,3,2018,24.71677186322655,-0.003968253968253843,Slight or No change
205,RCOM,EQ,2018-03-09,25.1,25.0,25.0,21.65,22.65,22.7,23.64,106099484,2508717431.75,99371,14585484,13.75,3,2018,24.709242837670253,-0.09561752988047811,Slight or No change
206,RCOM,EQ,2018-03-12,22.7,23.0,23.45,21.8,23.0,23.0,22.63,76366808,1727951036.35,70588,8577025,11.23,3,2018,24.69883090301214,0.013215859030837107,Slight or No change
207,RCOM,EQ,2018-03-13,23.0,22.05,23.65,22.05,23.5,23.35,23.07,80956215,1867849259.8,59173,7580374,9.36,3,2018,24.690229913408118,0.01521739130434785,Slight or No change
208,RCOM,EQ,2018-03-14,23.35,23.1,24.45,22.65,23.7,23.8,23.66,87140379,2061856922.5,73323,4987805,5.72,3,2018,24.6844073482562,0.01927194860813697,Slight or No change
209,RCOM,EQ,2018-03-15,23.8,23.7,24.25,23.4,23.45,23.6,23.78,45481906,1081622657.85,42627,5209196,11.45,3,2018,24.68174733207248,-0.008403361344537785,Slight or No change
210,RCOM,EQ,2018-03-16,23.6,23.7,24.4,22.8,23.65,23.45,23.6,67745076,1598721283.65,58709,13605107,20.08,3,2018,24.677029019806195,-0.006355932203389925,Slight or No change
211,RCOM,EQ,2018-03-19,23.45,23.8,24.05,22.7,22.95,23.0,23.17,43793755,1014553890.35,39866,4084265,9.33,3,2018,24.672791672349774,-0.019189765458422103,Slight or No change
212,RCOM,EQ,2018-03-20,23.0,22.7,23.5,22.5,23.1,23.1,23.01,35334974,813077338.95,28719,4375664,12.38,3,2018,24.669027939813258,0.004347826086956497,Slight or No change
213,RCOM,EQ,2018-03-21,23.1,23.05,26.55,23.05,25.2,25.3,24.79,135184902,3350679282.45,108807,15999809,11.84,3,2018,24.670066531212658,0.09523809523809512,Slight or No change
214,RCOM,EQ,2018-03-22,25.3,25.55,26.3,23.5,23.6,23.8,24.83,132481098,3289452366.35,112794,11154720,8.42,3,2018,24.671400931130652,-0.059288537549407105,Slight or No change
215,RCOM,EQ,2018-03-23,23.8,22.5,23.5,22.0,22.65,22.7,22.76,87934691,2000974196.9,71722,19148389,21.78,3,2018,24.6608738910033,-0.04621848739495804,Slight or No change
216,RCOM,EQ,2018-03-26,22.7,23.0,23.85,22.6,23.55,23.4,23.18,70351988,1630640269.2,47911,9803803,13.94,3,2018,24.654377393426824,0.03083700440528636,Slight or No change
217,RCOM,EQ,2018-03-27,23.4,23.9,24.2,23.25,23.6,23.8,23.76,49713895,1181263503.65,42165,5780677,11.63,3,2018,24.651613386028956,0.017094017094017255,Slight or No change
218,RCOM,EQ,2018-03-28,23.8,23.3,23.35,21.45,21.75,21.75,22.29,73568656,1640209591.95,66452,17481506,23.76,3,2018,24.640862096116198,-0.08613445378151263,Slight or No change
219,RCOM,EQ,2018-04-02,21.75,22.2,22.8,21.9,22.45,22.5,22.42,51269162,1149588657.2,35531,8285090,16.16,4,2018,24.633838474629744,0.034482758620689724,Slight or No change
220,RCOM,EQ,2018-04-03,22.5,22.1,22.9,22.1,22.55,22.6,22.52,54774982,1233649854.4,36312,9496478,17.34,4,2018,24.626720238365753,0.004444444444444473,Slight or No change
221,RCOM,EQ,2018-04-04,22.6,22.8,23.4,21.65,22.35,22.3,22.56,104844949,2364848294.05,70320,11979964,11.43,4,2018,24.613484223682306,-0.013274336283185861,Slight or No change
222,RCOM,EQ,2018-04-05,22.3,22.7,24.2,21.7,23.0,23.3,23.16,226743188,5251093997.2,119151,47081879,20.76,4,2018,24.59362790522237,0.04484304932735417,Slight or No change
223,RCOM,EQ,2018-04-06,23.3,23.75,25.2,23.5,24.05,24.35,24.3,177989437,4324603472.85,130138,18389599,10.33,4,2018,24.59051250945206,0.04506437768240357,Slight or No change
224,RCOM,EQ,2018-04-09,24.35,24.35,24.7,23.7,23.85,23.8,24.12,64847132,1563842313.25,51351,9169847,14.14,4,2018,24.588700718600464,-0.022587268993839893,Slight or No change
225,RCOM,EQ,2018-04-10,23.8,23.9,24.05,22.8,23.25,23.25,23.32,64851050,1512482252.7,45480,7513840,11.59,4,2018,24.58383381105088,-0.02310924369747902,Slight or No change
226,RCOM,EQ,2018-04-11,23.25,23.2,23.3,22.75,22.85,22.85,22.97,48786861,1120759173.9,31620,9899316,20.29,4,2018,24.579189866093756,-0.017204301075268713,Slight or No change
227,RCOM,EQ,2018-04-12,22.85,22.85,23.1,22.1,22.4,22.25,22.53,44307829,998086188.1,36844,7668959,17.31,4,2018,24.573848472965615,-0.026258205689277947,Slight or No change
228,RCOM,EQ,2018-04-13,22.25,22.35,22.75,22.1,22.35,22.3,22.44,41873420,939588061.5,30526,4688346,11.2,4,2018,24.568604923510033,0.0022471910112360494,Slight or No change
229,RCOM,EQ,2018-04-16,22.3,22.1,22.45,20.8,21.1,21.05,21.43,78439644,1681293147.25,68091,11235504,14.32,4,2018,24.554223526640047,-0.056053811659192876,Slight or No change
230,RCOM,EQ,2018-04-17,21.05,21.3,21.85,20.95,21.15,21.1,21.32,57097485,1217238770.45,53401,7345819,12.87,4,2018,24.543472011065365,0.002375296912114022,Slight or No change
231,RCOM,EQ,2018-04-18,21.1,21.25,21.45,20.8,21.05,21.0,21.13,38535617,814321994.35,32104,5109949,13.26,4,2018,24.535830697004005,-0.004739336492891044,Slight or No change
232,RCOM,EQ,2018-04-19,21.0,21.05,21.15,20.3,20.65,20.8,20.71,44390029,919479557.45,30873,7023459,15.82,4,2018,24.525990538261457,-0.00952380952380949,Slight or No change
233,RCOM,EQ,2018-04-20,20.8,20.5,20.9,20.25,20.3,20.4,20.54,35145380,721716909.9,24049,6975035,19.85,4,2018,24.51789003604558,-0.019230769230769384,Slight or No change
234,RCOM,EQ,2018-04-23,20.4,20.3,20.75,19.8,19.9,19.95,20.21,32593683,658844748.8,24067,5007946,15.36,4,2018,24.509786254173715,-0.022058823529411686,Slight or No change
235,RCOM,EQ,2018-04-24,19.95,19.9,20.1,16.85,18.0,17.95,18.25,120063178,2191153414.75,74403,16823540,14.01,4,2018,24.466707812275004,-0.10025062656641603,Slight or No change
236,RCOM,EQ,2018-04-25,17.95,17.9,18.65,17.2,17.5,17.65,17.84,84239277,1502717012.75,58562,12134359,14.4,4,2018,24.434865016624855,-0.016713091922005652,Slight or No change
237,RCOM,EQ,2018-04-26,17.65,17.5,17.5,16.25,16.8,16.8,16.83,83721297,1409329423.65,56506,10703133,12.78,4,2018,24.398719279765107,-0.048158640226628746,Slight or No change
238,RCOM,EQ,2018-04-27,16.8,16.85,17.0,15.65,15.8,15.95,16.43,45723000,751317370.8,37810,8014597,17.53,4,2018,24.37808796013128,-0.05059523809523814,Slight or No change
239,RCOM,EQ,2018-04-30,15.95,15.65,15.9,14.65,15.25,15.3,15.2,78831548,1198458334.8,55017,17017863,21.59,4,2018,24.337300961677634,-0.04075235109717856,Slight or No change
240,RCOM,EQ,2018-05-02,15.3,15.25,17.9,15.0,16.15,16.05,16.75,170980066,2863129389.55,109105,22458105,13.13,5,2018,24.264867988472336,0.0490196078431373,Slight or No change
241,RCOM,EQ,2018-05-03,16.05,16.0,16.1,14.85,15.1,15.05,15.39,72648942,1117776208.25,48004,9409169,12.95,5,2018,24.22901406891629,-0.06230529595015577,Slight or No change
242,RCOM,EQ,2018-05-04,15.05,15.1,15.9,14.5,15.3,15.35,15.25,85210340,1299805048.5,48783,12564713,14.75,5,2018,24.18666797415629,0.019933554817275656,Slight or No change
243,RCOM,EQ,2018-05-07,15.35,15.2,15.8,15.15,15.5,15.55,15.44,46573218,719296643.1,34724,6565999,14.1,5,2018,24.164179847869747,0.013029315960912058,Slight or No change
244,RCOM,EQ,2018-05-08,15.55,15.5,15.65,15.0,15.15,15.15,15.26,44817230,683864703.2,26760,6541605,14.6,5,2018,24.142204277713546,-0.025723472668810365,Slight or No change
245,RCOM,EQ,2018-05-09,15.15,15.15,15.3,14.85,15.05,15.05,15.12,33575484,507628086.4,24189,4572952,13.62,5,2018,24.125553523460475,-0.0066006600660065695,Slight or No change
246,RCOM,EQ,2018-05-10,15.05,15.1,15.15,13.65,13.9,13.95,14.18,76169836,1079980221.45,54248,10878763,14.28,5,2018,24.084087112705962,-0.07308970099667789,Slight or No change
247,RCOM,EQ,2018-05-11,13.95,13.9,14.85,13.3,13.7,13.7,13.83,78590981,1086718363.35,48959,8791571,11.19,5,2018,24.04016432386744,-0.017921146953404965,Slight or No change
248,RCOM,EQ,2018-05-14,13.7,13.4,13.7,13.1,13.6,13.5,13.41,49832444,668094892.2,28898,4932579,9.9,5,2018,24.01137082720984,-0.014598540145985384,Slight or No change
249,RCOM,EQ,2018-05-15,13.5,13.3,13.65,11.4,12.55,12.4,12.53,110886575,1389874313.55,53588,19326618,17.43,5,2018,23.942584012362694,-0.08148148148148149,Slight or No change
250,RCOM,EQ,2018-05-16,12.4,11.35,11.95,9.85,10.45,10.5,10.6,209312442,2219280918.05,118521,36614193,17.49,5,2018,23.79337894684867,-0.15322580645161288,Slight or No change
251,RCOM,EQ,2018-05-17,10.5,10.4,17.75,10.05,17.4,16.4,14.13,556849068,7867071845.7,317217,51044560,9.17,5,2018,23.514199585072173,0.5619047619047617,Slight Positive
252,RCOM,EQ,2018-05-18,16.4,18.0,21.3,13.15,15.25,15.3,17.2,827714011,14234657994.25,591969,69305961,8.37,5,2018,23.254210781070142,-0.06707317073170715,Slight or No change
253,RCOM,EQ,2018-05-21,15.3,14.9,16.3,12.75,13.55,13.35,14.34,294901978,4227670613.2,215177,34974259,11.86,5,2018,23.12532893553345,-0.12745098039215697,Slight or No change
254,RCOM,EQ,2018-05-22,13.35,13.7,15.95,12.85,14.35,14.35,14.21,291907798,4147503606.35,202922,24345677,8.34,5,2018,22.999539839054307,0.07490636704119846,Slight or No change
255,RCOM,EQ,2018-05-23,14.35,14.5,14.9,13.9,14.4,14.2,14.36,112959431,1621802452.65,78320,11350560,10.05,5,2018,22.952625209128783,-0.010452961672473893,Slight or No change
256,RCOM,EQ,2018-05-24,14.2,14.8,14.9,13.95,14.15,14.15,14.29,69390815,991469434.55,44428,7832480,11.29,5,2018,22.923824684344474,-0.0035211267605632646,Slight or No change
257,RCOM,EQ,2018-05-25,14.15,14.25,14.7,13.75,14.3,14.3,14.23,76758735,1092554818.85,51101,9213787,12.0,5,2018,22.89196853354215,0.010600706713780994,Slight or No change
258,RCOM,EQ,2018-05-28,14.3,14.3,16.15,14.1,15.3,15.3,15.17,139947722,2123333651.65,102310,17379200,12.42,5,2018,22.840722914888474,0.06993006993007,Slight or No change
259,RCOM,EQ,2018-05-29,15.3,15.85,16.8,15.35,15.95,15.95,16.13,201030693,3242529792.0,129624,20494600,10.19,5,2018,22.77735432000018,0.0424836601307188,Slight or No change
260,RCOM,EQ,2018-05-30,15.95,16.75,18.3,16.3,17.5,17.5,17.42,380345916,6626045829.65,247953,30777209,8.09,5,2018,22.683321160502516,0.09717868338557989,Slight or No change
261,RCOM,EQ,2018-05-31,17.5,19.25,21.0,17.55,18.5,18.65,19.05,413663689,7879932764.95,289018,52131539,12.6,5,2018,22.61526135967146,0.06571428571428561,Slight or No change
262,RCOM,EQ,2018-06-01,18.65,18.45,18.45,16.2,16.5,16.45,16.92,216035822,3656179118.95,141699,19471720,9.01,6,2018,22.5600852692585,-0.11796246648793562,Slight or No change
263,RCOM,EQ,2018-06-04,16.45,16.55,16.75,15.4,15.85,15.75,15.87,104414076,1657352810.6,69242,9418806,9.02,6,2018,22.528905464251103,-0.04255319148936165,Slight or No change
264,RCOM,EQ,2018-06-05,15.75,15.4,15.55,13.9,14.5,14.45,14.77,134829520,1991030223.15,81406,10797543,8.01,6,2018,22.482490042939983,-0.08253968253968258,Slight or No change
265,RCOM,EQ,2018-06-06,14.45,14.2,16.6,13.95,16.15,16.0,15.64,257142823,4021246152.35,146822,16284182,6.33,6,2018,22.405304035981274,0.10726643598615926,Slight or No change
266,RCOM,EQ,2018-06-07,16.0,16.35,16.55,15.4,15.75,15.75,15.95,150790059,2404414926.8,83766,11395058,7.56,6,2018,22.362883509437708,-0.015625,Slight or No change
267,RCOM,EQ,2018-06-08,15.75,15.75,16.2,15.45,15.85,15.85,15.86,76393521,1211692801.3,47213,7814773,10.23,6,2018,22.341305783097244,0.006349206349206327,Slight or No change
268,RCOM,EQ,2018-06-11,15.85,15.85,16.15,15.5,15.6,15.65,15.83,61042142,966098106.15,36332,7156929,11.72,6,2018,22.32408745112523,-0.012618296529968376,Slight or No change
269,RCOM,EQ,2018-06-12,15.65,15.6,17.0,15.15,16.1,16.1,15.91,128167178,2039107122.1,72745,11130080,8.68,6,2018,22.288671388895988,0.028753993610223683,Slight or No change
270,RCOM,EQ,2018-06-13,16.1,16.1,16.9,15.8,16.1,16.0,16.22,108982896,1767547650.65,60641,7929022,7.28,6,2018,22.26031138768343,-0.006211180124223725,Slight or No change
271,RCOM,EQ,2018-06-14,16.0,16.0,16.25,15.7,15.85,15.9,15.92,54612999,869502146.7,35431,5593689,10.24,6,2018,22.245498318548382,-0.006249999999999978,Slight or No change
272,RCOM,EQ,2018-06-15,15.9,15.85,16.15,15.35,15.4,15.45,15.67,69321675,1086099233.85,41385,12461927,17.98,6,2018,22.226055906970004,-0.028301886792452935,Slight or No change
273,RCOM,EQ,2018-06-18,15.45,15.45,15.6,15.0,15.15,15.15,15.28,56706714,866322692.5,32538,5954335,10.5,6,2018,22.209295830403192,-0.01941747572815522,Slight or No change
274,RCOM,EQ,2018-06-19,15.15,15.1,15.65,14.45,14.7,14.6,14.96,91700952,1372195379.3,55405,10926587,11.92,6,2018,22.18111968178702,-0.0363036303630363,Slight or No change
275,RCOM,EQ,2018-06-20,14.6,14.7,15.95,14.65,15.25,15.3,15.23,103680530,1579228197.8,66412,11755857,11.34,6,2018,22.15070665725841,0.047945205479452024,Slight or No change
276,RCOM,EQ,2018-06-21,15.3,15.3,15.45,14.85,14.9,14.9,15.08,49410698,745300129.4,33623,6349243,12.85,6,2018,22.13599414498068,-0.02614379084967322,Slight or No change
277,RCOM,EQ,2018-06-22,14.9,14.9,15.0,14.6,14.8,14.7,14.77,48302888,713370427.8,29155,6158111,12.75,6,2018,22.121041260182917,-0.0134228187919464,Slight or No change
278,RCOM,EQ,2018-06-25,14.7,14.75,15.15,14.45,14.55,14.65,14.82,46631481,691234138.0,31110,5396361,11.57,6,2018,22.10676106123552,-0.00340136054421758,Slight or No change
279,RCOM,EQ,2018-06-26,14.65,14.55,14.7,14.3,14.4,14.4,14.49,41190381,596807002.4,25953,5600098,13.6,6,2018,22.093624348346122,-0.017064846416382284,Slight or No change
280,RCOM,EQ,2018-06-27,14.4,14.5,14.6,13.0,13.3,13.35,13.61,95060931,1293862454.45,55109,12810345,13.48,6,2018,22.059990323382394,-0.07291666666666674,Slight or No change
281,RCOM,EQ,2018-06-28,13.35,13.3,13.85,13.0,13.4,13.3,13.46,88457968,1190655932.05,45120,14082857,15.92,6,2018,22.02837984859721,-0.0037453183520598232,Slight or No change
282,RCOM,EQ,2018-06-29,13.3,13.5,14.4,13.45,13.65,13.75,13.84,79747928,1103634475.85,46357,8124908,10.19,6,2018,22.00133548685712,0.03383458646616533,Slight or No change
283,RCOM,EQ,2018-07-02,13.75,13.8,13.9,13.1,13.25,13.25,13.38,51948385,694893922.6,48229,8040105,15.48,7,2018,21.982826928874843,-0.036363636363636376,Slight or No change
284,RCOM,EQ,2018-07-03,13.25,13.3,13.5,13.15,13.4,13.35,13.35,31002638,413827037.95,28581,4794257,15.46,7,2018,21.971780507653534,0.007547169811320753,Slight or No change
285,RCOM,EQ,2018-07-04,13.35,13.7,14.05,13.55,13.65,13.65,13.73,62792631,862450766.2,39863,7230392,11.51,7,2018,21.95047580134724,0.022471910112359605,Slight or No change
286,RCOM,EQ,2018-07-05,13.65,13.7,14.1,13.4,13.55,13.5,13.67,58801399,803690925.45,36914,5580247,9.49,7,2018,21.930480002000493,-0.010989010989011061,Slight or No change
287,RCOM,EQ,2018-07-06,13.5,13.6,13.75,13.4,13.6,13.55,13.58,32435975,440411214.5,38644,4365731,13.46,7,2018,21.91937148469014,0.0037037037037037646,Slight or No change
288,RCOM,EQ,2018-07-09,13.55,13.65,13.95,13.55,13.75,13.7,13.73,33787748,463944204.7,30501,5153666,15.25,7,2018,21.908038974423455,0.011070110701106861,Slight or No change
289,RCOM,EQ,2018-07-10,13.7,13.8,14.2,13.75,13.9,13.95,13.96,45386930,633570161.3,25568,7109661,15.66,7,2018,21.89329208055686,0.018248175182481674,Slight or No change
290,RCOM,EQ,2018-07-11,13.95,13.9,14.0,13.5,13.65,13.65,13.71,37838714,518860380.45,30862,5380595,14.22,7,2018,21.880653365783658,-0.02150537634408589,Slight or No change
291,RCOM,EQ,2018-07-12,13.65,13.7,13.95,13.35,13.55,13.5,13.65,35402717,483150745.6,26071,4804650,13.57,7,2018,21.868777035010716,-0.010989010989011061,Slight or No change
292,RCOM,EQ,2018-07-13,13.5,13.7,13.7,12.8,13.0,13.0,13.15,44300827,582605244.25,33790,7939934,17.92,7,2018,21.853062724631066,-0.03703703703703709,Slight or No change
293,RCOM,EQ,2018-07-16,13.0,13.05,13.05,11.8,12.1,12.05,12.25,54413372,666484300.95,41956,9111485,16.74,7,2018,21.831850659139413,-0.07307692307692304,Slight or No change
294,RCOM,EQ,2018-07-17,12.05,12.1,13.8,12.05,13.05,13.05,12.87,88164361,1134934934.7,62595,9506135,10.78,7,2018,21.799890659979493,0.08298755186721984,Slight or No change
295,RCOM,EQ,2018-07-18,13.05,13.1,13.35,12.55,13.25,13.1,12.97,71179171,923240480.85,53504,7460478,10.48,7,2018,21.774540796297643,0.003831417624520883,Slight or No change
296,RCOM,EQ,2018-07-19,13.1,13.3,13.5,12.5,12.9,12.8,12.87,62805761,808493313.9,52190,6064968,9.66,7,2018,21.752040945923962,-0.022900763358778553,Slight or No change
297,RCOM,EQ,2018-07-20,12.8,12.85,13.1,12.6,12.95,12.95,12.87,42705255,549752875.85,39175,6123405,14.34,7,2018,21.736806832437473,0.011718749999999778,Slight or No change
298,RCOM,EQ,2018-07-23,12.95,12.9,13.3,12.5,13.25,13.2,12.94,53401500,691132918.95,51451,10553904,19.76,7,2018,21.717980264648556,0.019305019305019266,Slight or No change
299,RCOM,EQ,2018-07-24,13.2,13.2,13.95,13.05,13.65,13.6,13.59,64724729,879501696.3,46806,10195292,15.75,7,2018,21.696951176617073,0.030303030303030276,Slight or No change
300,RCOM,EQ,2018-07-25,13.6,13.95,15.6,13.75,13.85,13.85,14.36,109394861,1570780505.15,80316,13237928,12.1,7,2018,21.66500748211619,0.018382352941176405,Slight or No change
301,RCOM,EQ,2018-07-26,13.85,13.95,14.2,13.55,13.9,13.8,13.84,46872783,648575641.1,41317,6051055,12.91,7,2018,21.650437175967607,-0.0036101083032490378,Slight or No change
302,RCOM,EQ,2018-07-27,13.8,13.8,14.3,13.75,14.1,14.0,14.04,43057668,604491966.15,37835,6779235,15.74,7,2018,21.637442032582214,0.014492753623188248,Slight or No change
303,RCOM,EQ,2018-07-30,14.0,14.05,14.1,13.65,13.95,13.85,13.85,26609464,368485759.55,19958,5620994,21.12,7,2018,21.629232964267533,-0.010714285714285787,Slight or No change
304,RCOM,EQ,2018-07-31,13.85,13.85,14.75,13.75,14.6,14.4,14.18,59508601,843921896.7,40731,11113682,18.68,7,2018,21.611713065587967,0.03971119133574019,Slight or No change
305,RCOM,EQ,2018-08-01,14.4,14.55,15.45,14.45,14.7,14.7,14.85,107431563,1595011681.25,66284,11219134,10.44,8,2018,21.583124731581393,0.02083333333333326,Slight or No change
306,RCOM,EQ,2018-08-02,14.7,14.8,15.1,14.5,14.75,14.8,14.8,78679179,1164811543.1,50813,10527686,13.38,8,2018,21.562186154867597,0.006802721088435382,Slight or No change
307,RCOM,EQ,2018-08-03,14.8,14.8,17.0,14.75,15.55,15.65,15.88,200359638,3182549950.7,132769,22689583,11.32,8,2018,21.51786789815803,0.057432432432432456,Slight or No change
308,RCOM,EQ,2018-08-06,15.65,16.1,16.85,15.85,16.4,16.4,16.33,121614154,1986238007.0,76913,16851735,13.86,8,2018,21.49342352835704,0.047923322683705916,Slight or No change
309,RCOM,EQ,2018-08-07,16.4,16.8,17.15,16.3,16.65,16.65,16.72,110660341,1850766434.95,77197,12809869,11.58,8,2018,21.473045143649372,0.015243902439024293,Slight or No change
310,RCOM,EQ,2018-08-08,16.65,16.7,19.1,16.55,18.95,18.4,17.72,201135102,3564744052.9,116750,28319583,14.08,8,2018,21.444147493702513,0.10510510510510507,Slight or No change
311,RCOM,EQ,2018-08-09,18.4,19.0,20.5,18.7,19.95,20.05,19.81,292872833,5803065889.65,173248,29784068,10.17,8,2018,21.42602912309584,0.08967391304347849,Slight or No change
312,RCOM,EQ,2018-08-10,20.05,20.1,20.75,19.05,19.1,19.45,19.98,156677620,3130462325.3,112493,18623875,11.89,8,2018,21.41750274773916,-0.029925187032418976,Slight or No change
313,RCOM,EQ,2018-08-13,19.45,19.0,21.2,18.4,20.6,20.55,20.19,253846415,5125797013.25,161736,26867050,10.58,8,2018,21.4058870657091,0.05655526992287929,Slight or No change
314,RCOM,EQ,2018-08-14,20.55,21.15,21.7,20.45,20.55,20.65,21.05,167810134,3532697219.45,102024,19070606,11.36,8,2018,21.40367461663283,0.0048661800486617945,Slight or No change
315,RCOM,EQ,2018-08-16,20.65,20.45,21.35,17.8,18.55,18.55,19.78,205261691,4059724109.4,121549,23959540,11.67,8,2018,21.39142112524059,-0.10169491525423724,Slight or No change
316,RCOM,EQ,2018-08-17,18.55,18.55,19.9,18.05,19.15,19.2,18.94,175944067,3333110440.45,120697,11810798,6.71,8,2018,21.375665154849948,0.035040431266846195,Slight or No change
317,RCOM,EQ,2018-08-20,19.2,19.45,19.9,18.85,19.15,19.05,19.36,96234183,1863176729.1,90854,10678252,11.1,8,2018,21.368603990986617,-0.007812499999999889,Slight or No change
318,RCOM,EQ,2018-08-21,19.05,19.2,19.5,18.4,18.65,18.8,18.88,86334542,1630241190.25,88821,9146567,10.59,8,2018,21.36080737450123,-0.013123359580052507,Slight or No change
319,RCOM,EQ,2018-08-23,18.8,18.85,19.55,18.7,18.9,18.85,19.08,93925800,1792320764.85,95431,9633477,10.26,8,2018,21.353059874810224,0.0026595744680850686,Slight or No change
320,RCOM,EQ,2018-08-24,18.85,19.05,19.9,18.1,19.05,19.1,18.96,157329670,2982367304.95,153484,12176100,7.74,8,2018,21.33952082462796,0.013262599469495928,Slight or No change
321,RCOM,EQ,2018-08-27,19.1,19.4,19.45,18.6,18.75,18.7,18.95,78946669,1496393722.0,82970,12140615,15.38,8,2018,21.33275629757576,-0.020942408376963484,Slight or No change
322,RCOM,EQ,2018-08-28,18.7,18.95,18.95,18.25,18.3,18.35,18.58,60249875,1119178856.7,84290,7089461,11.77,8,2018,21.32682186154101,-0.018716577540106805,Slight or No change
323,RCOM,EQ,2018-08-29,18.35,18.2,19.0,17.2,18.7,18.55,18.15,136160531,2471784252.3,187644,13912280,10.22,8,2018,21.31141944392752,0.01089918256130784,Slight or No change
324,RCOM,EQ,2018-08-30,18.55,18.45,18.95,18.05,18.45,18.6,18.51,90415229,1673302496.75,144182,7061466,7.81,8,2018,21.30242926030815,0.0026954177897573484,Slight or No change
325,RCOM,EQ,2018-08-31,18.6,18.5,18.75,17.9,18.15,18.25,18.31,73296426,1341781949.3,69448,11507136,15.7,8,2018,21.29466451602327,-0.018817204301075363,Slight or No change
326,RCOM,EQ,2018-09-03,18.25,18.2,18.9,17.9,18.2,18.2,18.35,86233625,1582132377.2,59527,8347449,9.68,9,2018,21.28570242931016,-0.002739726027397249,Slight or No change
327,RCOM,EQ,2018-09-04,18.2,18.3,18.3,17.25,17.5,17.4,17.77,84670396,1504633717.85,51393,10152172,11.99,9,2018,21.275227659287243,-0.04395604395604402,Slight or No change
328,RCOM,EQ,2018-09-05,17.4,17.4,17.8,16.3,17.35,17.45,17.23,123554671,2128452571.7,71795,7689014,6.22,9,2018,21.257716340984928,0.00287356321839094,Slight or No change
329,RCOM,EQ,2018-09-06,17.45,17.4,17.8,17.15,17.2,17.25,17.43,54570854,950976265.0,36958,5254777,9.63,9,2018,21.250411888914087,-0.011461318051575908,Slight or No change
330,RCOM,EQ,2018-09-07,17.25,17.25,17.75,17.05,17.2,17.3,17.38,57039892,991614938.95,34338,5203488,9.12,9,2018,21.242707155335356,0.0028985507246377384,Slight or No change
331,RCOM,EQ,2018-09-10,17.3,17.25,17.6,16.85,16.85,16.95,17.16,61564607,1056257932.3,37675,5521201,8.97,9,2018,21.233953912652378,-0.020231213872832443,Slight or No change
332,RCOM,EQ,2018-09-11,16.95,16.95,17.15,16.05,16.1,16.15,16.61,59079109,981554627.85,52434,7094267,12.01,9,2018,21.224460017041128,-0.0471976401179941,Slight or No change
333,RCOM,EQ,2018-09-12,16.15,16.2,16.3,15.35,16.05,16.05,15.84,79095692,1252749850.85,56720,8546822,10.81,9,2018,21.209699558964584,-0.006191950464396134,Slight or No change
334,RCOM,EQ,2018-09-14,16.05,16.15,16.7,16.15,16.35,16.35,16.43,46317095,761186437.0,40104,6480922,13.99,9,2018,21.202039181627505,0.01869158878504673,Slight or No change
335,RCOM,EQ,2018-09-17,16.35,16.4,17.6,16.0,17.15,17.15,16.9,83977228,1419583772.85,52649,10880128,12.96,9,2018,21.18957441955608,0.048929663608562546,Slight or No change
336,RCOM,EQ,2018-09-18,17.15,17.4,17.75,15.45,16.1,16.2,16.49,143474203,2365402186.1,80037,14469573,10.09,9,2018,21.166425223563788,-0.055393586005830886,Slight or No change
337,RCOM,EQ,2018-09-19,16.2,15.8,16.1,14.6,14.95,14.9,15.36,100440182,1542816262.4,63455,12746513,12.69,9,2018,21.146471457970403,-0.08024691358024683,Slight or No change
338,RCOM,EQ,2018-09-21,14.9,14.95,15.1,12.7,13.2,13.15,13.7,151617141,2077041238.3,78986,22968095,15.15,9,2018,21.108042350576937,-0.1174496644295302,Slight or No change
339,RCOM,EQ,2018-09-24,13.15,12.7,12.9,11.25,12.1,12.25,12.3,93287496,1147797134.6,102572,9515379,10.2,9,2018,21.080162691159494,-0.0684410646387833,Slight or No change
340,RCOM,EQ,2018-09-25,12.25,12.0,12.15,11.2,11.6,11.5,11.7,85791357,1004063284.8,46454,11824994,13.78,9,2018,21.052937170861778,-0.061224489795918324,Slight or No change
341,RCOM,EQ,2018-09-26,11.5,11.9,13.2,11.5,12.85,12.9,12.26,103895838,1274081667.65,70013,11516642,11.08,9,2018,21.022138601105326,0.12173913043478257,Slight or No change
342,RCOM,EQ,2018-09-27,12.9,12.95,13.5,12.05,12.5,12.35,12.83,85636111,1098721150.7,57325,12784144,14.93,9,2018,20.99855551536263,-0.04263565891472876,Slight or No change
343,RCOM,EQ,2018-09-28,12.35,12.5,12.75,11.7,11.95,11.9,12.07,62225689,751310454.6,36421,7884527,12.67,9,2018,20.9799179225331,-0.03643724696356265,Slight or No change
344,RCOM,EQ,2018-10-01,11.9,11.9,12.1,11.1,11.95,11.95,11.56,68946146,797126243.95,39986,8491990,12.32,10,2018,20.958181267445863,0.004201680672268893,Slight or No change
345,RCOM,EQ,2018-10-03,11.95,11.65,12.45,11.3,11.6,11.8,11.93,73788111,880095553.85,51777,7264516,9.85,10,2018,20.935940433720344,-0.012552301255229992,Slight or No change
346,RCOM,EQ,2018-10-04,11.8,11.8,12.55,11.6,11.85,11.85,12.1,109738369,1327751875.9,61083,11873395,10.82,10,2018,20.903686146182988,0.004237288135593209,Slight or No change
347,RCOM,EQ,2018-10-05,11.85,11.85,12.15,11.3,11.55,11.45,11.69,56941722,665606497.5,36321,8539765,15.0,10,2018,20.88626734118475,-0.03375527426160341,Slight or No change
348,RCOM,EQ,2018-10-08,11.45,11.45,11.75,10.7,11.05,11.05,11.09,75958335,842688515.3,44221,9650215,12.7,10,2018,20.861624173179266,-0.034934497816593746,Slight or No change
349,RCOM,EQ,2018-10-09,11.05,11.05,11.3,10.6,11.1,11.05,11.0,62414174,686497508.95,34145,5199732,8.33,10,2018,20.84128209210579,0.0,Slight or No change
350,RCOM,EQ,2018-10-10,11.05,11.2,11.7,11.05,11.45,11.45,11.4,59429079,677552905.75,34523,7239991,12.18,10,2018,20.82277485792673,0.036199095022624306,Slight or No change
351,RCOM,EQ,2018-10-11,11.45,11.1,11.5,10.7,11.15,11.1,11.15,52145852,581520176.9,31844,5261230,10.09,10,2018,20.806166142507717,-0.03056768558951961,Slight or No change
352,RCOM,EQ,2018-10-12,11.1,11.45,12.2,11.35,11.65,11.65,11.81,81241350,959827095.25,46090,9955264,12.25,10,2018,20.78216457755297,0.04954954954954971,Slight or No change
353,RCOM,EQ,2018-10-15,11.65,11.8,12.0,11.5,11.7,11.65,11.72,48666488,570333911.55,27454,5693419,11.7,10,2018,20.767704408480792,0.0,Slight or No change
354,RCOM,EQ,2018-10-16,11.65,11.65,12.0,11.65,11.8,11.8,11.83,36017651,426031856.55,21769,5890801,16.36,10,2018,20.757161990761446,0.012875536480686733,Slight or No change
355,RCOM,EQ,2018-10-17,11.8,11.95,12.1,11.25,11.4,11.35,11.6,43163846,500598510.3,24640,6313320,14.63,10,2018,20.744235923721668,-0.038135593220339103,Slight or No change
356,RCOM,EQ,2018-10-19,11.35,11.55,11.55,11.0,11.25,11.15,11.2,42531236,476408652.6,22030,4733194,11.13,10,2018,20.730979361770203,-0.017621145374449254,Slight or No change
357,RCOM,EQ,2018-10-22,11.15,11.25,11.35,10.8,10.95,10.9,11.06,32771738,362581233.1,18603,4846217,14.79,10,2018,20.720640157504302,-0.022421524663677084,Slight or No change
358,RCOM,EQ,2018-10-23,10.9,10.9,11.3,10.6,10.85,10.85,10.96,49480136,542065406.8,26791,5200220,10.51,10,2018,20.704910259246002,-0.004587155963302836,Slight or No change
359,RCOM,EQ,2018-10-24,10.85,10.95,11.2,10.75,11.1,11.0,10.94,33772304,369594158.3,21588,4325806,12.81,10,2018,20.69418103731606,0.01382488479262678,Slight or No change
360,RCOM,EQ,2018-10-25,11.0,10.9,10.9,10.3,10.4,10.35,10.52,42867256,450816178.45,28387,10047935,23.44,10,2018,20.6800113860615,-0.05909090909090908,Slight or No change
361,RCOM,EQ,2018-10-26,10.35,10.35,10.4,9.8,10.05,10.0,10.03,52165776,523044744.75,32760,10087384,19.34,10,2018,20.66199223447836,-0.033816425120772875,Slight or No change
362,RCOM,EQ,2018-10-29,10.0,9.9,11.05,9.6,10.85,10.9,10.41,89042912,927354937.35,42783,12685070,14.25,10,2018,20.632469690349197,0.09000000000000008,Slight or No change
363,RCOM,EQ,2018-10-30,10.9,10.85,11.95,10.75,11.6,11.65,11.54,92640562,1069367088.5,53688,12155175,13.12,10,2018,20.60530967675776,0.0688073394495412,Slight or No change
364,RCOM,EQ,2018-10-31,11.65,11.7,12.5,11.65,12.4,12.35,12.13,73037865,885683316.25,42116,11258887,15.42,10,2018,20.58539702885499,0.060085836909871126,Slight or No change
365,RCOM,EQ,2018-11-01,12.35,12.5,14.2,12.5,14.1,14.1,13.51,144618228,1953882065.6,73232,22173616,15.33,11,2018,20.55263403906498,0.1417004048582995,Slight or No change
366,RCOM,EQ,2018-11-02,14.1,14.35,15.25,13.85,14.2,14.1,14.7,111904630,1644615917.8,62607,16925091,15.12,11,2018,20.531738394843124,0.0,Slight or No change
367,RCOM,EQ,2018-11-05,14.1,14.95,14.95,13.45,14.2,14.1,13.99,69148992,967371866.75,44295,8139903,11.77,11,2018,20.51733787109118,0.0,Slight or No change
368,RCOM,EQ,2018-11-06,14.1,14.2,14.4,13.65,13.8,13.8,13.91,35245855,490431905.95,19831,5199510,14.75,11,2018,20.509932500353827,-0.02127659574468077,Slight or No change
369,RCOM,EQ,2018-11-07,13.8,14.1,14.1,13.8,13.9,13.85,13.9,6003489,83423145.9,6102,1930822,32.16,11,2018,20.508670875944244,0.0036231884057971175,Slight or No change
370,RCOM,EQ,2018-11-09,13.85,13.7,14.3,13.5,14.3,14.2,13.9,40369648,561158610.7,23215,8800978,21.8,11,2018,20.5001997452751,0.025270758122743597,Slight or No change
371,RCOM,EQ,2018-11-12,14.2,13.8,14.6,13.75,13.9,13.85,14.1,43675188,615842605.25,24988,6877229,15.75,11,2018,20.491336377855745,-0.02464788732394363,Slight or No change
372,RCOM,EQ,2018-11-13,13.85,13.9,13.9,13.2,13.6,13.55,13.52,41543756,561729020.0,22312,5118491,12.32,11,2018,20.482165296827873,-0.02166064981949456,Slight or No change
373,RCOM,EQ,2018-11-14,13.55,13.6,13.9,13.3,13.7,13.7,13.6,34668195,471538549.5,22449,4215078,12.16,11,2018,20.4746182238633,0.011070110701106861,Slight or No change
374,RCOM,EQ,2018-11-15,13.7,13.7,13.7,13.35,13.45,13.4,13.48,19041611,256655791.2,18599,3218681,16.9,11,2018,20.47040777479952,-0.021897810218978075,Slight or No change
375,RCOM,EQ,2018-11-16,13.4,13.5,13.7,13.15,13.55,13.55,13.44,51881650,697325051.55,22047,6282917,12.11,11,2018,20.458895973114267,0.011194029850746245,Slight or No change
376,RCOM,EQ,2018-11-19,13.55,13.6,14.75,13.45,14.1,14.1,14.13,75131002,1061407696.65,39129,11437713,15.22,11,2018,20.44392439562463,0.040590405904058935,Slight or No change
377,RCOM,EQ,2018-11-20,14.1,14.05,14.3,13.35,13.55,13.55,13.79,56965684,785397672.3,32187,7161791,12.57,11,2018,20.432011061147684,-0.03900709219858145,Slight or No change
378,RCOM,EQ,2018-11-21,13.55,13.55,13.9,13.5,13.9,13.75,13.69,35165344,481473211.55,16652,4461125,12.69,11,2018,20.42456774008115,0.014760147601476037,Slight or No change
379,RCOM,EQ,2018-11-22,13.75,13.95,14.05,13.2,13.3,13.3,13.57,55337728,751102492.55,30395,7221832,13.05,11,2018,20.412679708281626,-0.032727272727272716,Slight or No change
380,RCOM,EQ,2018-11-26,13.3,13.35,13.6,13.0,13.5,13.3,13.29,38401855,510476424.35,28437,4941977,12.87,11,2018,20.404117578562765,0.0,Slight or No change
381,RCOM,EQ,2018-11-27,13.3,13.3,13.6,13.05,13.35,13.3,13.28,48528221,644416274.25,30745,3637217,7.5,11,2018,20.393311890995562,0.0,Slight or No change
382,RCOM,EQ,2018-11-28,13.3,13.4,13.45,13.0,13.15,13.1,13.24,29712360,393487277.4,22167,4162442,14.01,11,2018,20.386674947276255,-0.015037593984962516,Slight or No change
383,RCOM,EQ,2018-11-29,13.1,13.15,13.25,12.45,12.65,12.75,12.84,35843615,460342642.35,30846,4749266,13.25,11,2018,20.378237609189668,-0.026717557251908386,Slight or No change
384,RCOM,EQ,2018-11-30,12.75,12.6,14.65,12.55,14.4,14.25,14.0,155035529,2170619930.0,93928,21062199,13.59,11,2018,20.347542100914332,0.11764705882352944,Slight or No change
385,RCOM,EQ,2018-12-03,14.25,15.2,16.85,14.7,16.85,16.6,16.01,264930325,4240983165.75,145463,27531978,10.39,12,2018,20.31216181702743,0.16491228070175445,Slight or No change
386,RCOM,EQ,2018-12-04,16.6,17.1,18.65,16.9,17.0,17.1,17.78,323613170,5754250133.0,190852,33736520,10.42,12,2018,20.287181502597395,0.030120481927710774,Slight or No change
387,RCOM,EQ,2018-12-05,17.1,17.0,17.5,16.1,16.25,16.25,16.63,174862607,2907362834.7,91458,13372903,7.65,12,2018,20.267789850404736,-0.04970760233918137,Slight or No change
388,RCOM,EQ,2018-12-06,16.25,16.0,16.5,15.25,16.35,16.3,15.85,137774119,2183090024.8,79313,11824426,8.58,12,2018,20.24941036001793,0.0030769230769231992,Slight or No change
389,RCOM,EQ,2018-12-07,16.3,16.6,17.0,15.6,15.7,15.75,16.12,133398785,2150823641.25,61973,13786476,10.33,12,2018,20.232842944322588,-0.033742331288343586,Slight or No change
390,RCOM,EQ,2018-12-10,15.75,15.3,15.5,14.5,14.55,14.75,15.01,73729982,1107033307.6,45188,10586005,14.36,12,2018,20.221287038999733,-0.06349206349206349,Slight or No change
391,RCOM,EQ,2018-12-11,14.75,14.0,16.1,13.65,15.65,15.4,14.73,132082016,1946115791.2,55767,11181465,8.47,12,2018,20.19960736628721,0.04406779661016946,Slight or No change
392,RCOM,EQ,2018-12-12,15.4,15.95,16.3,15.45,15.65,15.65,15.88,84008027,1334195391.55,55025,9956991,11.85,12,2018,20.18878777697938,0.016233766233766156,Slight or No change
393,RCOM,EQ,2018-12-13,15.65,15.65,16.05,14.9,15.35,15.4,15.58,86873709,1353485137.7,45574,9434608,10.86,12,2018,20.176880914578565,-0.015974440894568676,Slight or No change
394,RCOM,EQ,2018-12-14,15.4,15.05,16.5,15.05,15.75,15.75,15.83,142480206,2254870487.65,71387,13111726,9.2,12,2018,20.158540115981744,0.022727272727272707,Slight or No change
395,RCOM,EQ,2018-12-17,15.75,15.95,16.25,15.55,15.65,15.65,15.84,64347183,1019095590.8,47341,11786298,18.32,12,2018,20.150326664632967,-0.006349206349206327,Slight or No change
396,RCOM,EQ,2018-12-18,15.65,15.7,16.05,15.5,15.85,15.75,15.81,70167746,1109219484.45,31860,6362056,9.07,12,2018,20.141343706708966,0.006389776357827559,Slight or No change
397,RCOM,EQ,2018-12-19,15.75,14.2,14.95,13.65,14.25,14.25,14.46,163060955,2357456200.2,90670,21094893,12.94,12,2018,20.114149481481387,-0.09523809523809523,Slight or No change
398,RCOM,EQ,2018-12-20,14.25,14.25,14.65,14.05,14.4,14.35,14.39,85157043,1225337128.4,39987,8764340,10.29,12,2018,20.099876230195633,0.007017543859649145,Slight or No change
399,RCOM,EQ,2018-12-21,14.35,14.5,14.7,14.05,14.3,14.2,14.29,65912405,941641639.8,32322,9950744,15.1,12,2018,20.08868473715972,-0.010452961672473893,Slight or No change
400,RCOM,EQ,2018-12-24,14.2,14.35,14.55,13.75,14.25,14.15,14.11,95356659,1345814140.0,39249,5116016,5.37,12,2018,20.07206967145746,-0.0035211267605632646,Slight or No change
401,RCOM,EQ,2018-12-26,14.15,14.15,14.45,13.8,14.3,14.3,14.1,87089399,1228306956.75,45077,4927038,5.66,12,2018,20.056950268169242,0.010600706713780994,Slight or No change
402,RCOM,EQ,2018-12-27,14.3,14.45,14.65,14.15,14.45,14.5,14.42,69081337,995979987.1,41785,9224227,13.35,12,2018,20.04565287722631,0.013986013986013957,Slight or No change
403,RCOM,EQ,2018-12-28,14.5,14.35,15.05,14.35,14.65,14.7,14.72,73248725,1078153431.95,30392,7963616,10.87,12,2018,20.03435949002288,0.01379310344827589,Slight or No change
404,RCOM,EQ,2018-12-31,14.7,14.75,14.95,14.3,14.4,14.4,14.6,71586882,1045128075.95,48377,6988298,9.76,12,2018,20.02312032674552,-0.020408163265306034,Slight or No change
405,RCOM,EQ,2019-01-01,14.4,14.5,14.6,14.15,14.35,14.35,14.35,45185360,648601274.1,19996,3424969,7.58,1,2019,20.01572418297529,-0.003472222222222321,Slight or No change
406,RCOM,EQ,2019-01-02,14.35,14.35,14.4,13.6,13.85,13.85,13.97,92048688,1286336938.55,37389,12952671,14.07,1,2019,19.99971018960345,-0.03484320557491294,Slight or No change
407,RCOM,EQ,2019-01-03,13.85,13.75,13.85,13.45,13.45,13.5,13.63,52405739,714388780.3,22434,6232461,11.89,1,2019,19.99011888254631,-0.02527075812274371,Slight or No change
408,RCOM,EQ,2019-01-04,13.5,13.4,14.2,13.3,14.0,14.0,13.81,139026951,1920111400.55,53416,8906048,6.41,1,2019,19.96552972197224,0.03703703703703698,Slight or No change
409,RCOM,EQ,2019-01-07,14.0,14.25,14.35,13.65,13.85,13.9,13.95,95262182,1329287171.3,49960,7827371,8.22,1,2019,19.949174370351198,-0.0071428571428571175,Slight or No change
410,RCOM,EQ,2019-01-08,13.9,13.8,14.15,13.7,14.0,14.0,13.94,70769680,986726613.95,35812,6446232,9.11,1,2019,19.937061384508915,0.007194244604316502,Slight or No change
411,RCOM,EQ,2019-01-09,14.0,14.1,14.15,13.65,13.9,13.8,13.83,58166357,804497292.9,19726,5414963,9.31,1,2019,19.92696015142382,-0.014285714285714235,Slight or No change
412,RCOM,EQ,2019-01-10,13.8,13.9,14.0,13.65,13.95,13.85,13.83,51883452,717747988.5,40648,4578737,8.83,1,2019,19.91797816916713,0.0036231884057971175,Slight or No change
413,RCOM,EQ,2019-01-11,13.85,13.95,14.0,13.6,13.7,13.7,13.74,47896536,658230549.75,20927,4418652,9.23,1,2019,19.909587623324416,-0.010830324909747335,Slight or No change
414,RCOM,EQ,2019-01-14,13.7,13.7,13.7,13.35,13.35,13.4,13.48,32004610,431494453.0,14492,5309975,16.59,1,2019,19.90375798716901,-0.021897810218978075,Slight or No change
415,RCOM,EQ,2019-01-15,13.4,13.4,13.6,13.35,13.5,13.45,13.47,48091793,647757250.9,15944,4119486,8.57,1,2019,19.895004316888652,0.003731343283581934,Slight or No change
416,RCOM,EQ,2019-01-16,13.45,13.5,14.15,13.4,13.9,13.8,13.82,69538057,961044760.25,27021,7280304,10.47,1,2019,19.883076249710385,0.02602230483271395,Slight or No change
417,RCOM,EQ,2019-01-17,13.8,13.85,13.95,13.45,13.65,13.55,13.63,70098847,955377441.7,44143,5913298,8.44,1,2019,19.870723979509084,-0.018115942028985477,Slight or No change
418,RCOM,EQ,2019-01-18,13.55,13.6,13.6,13.25,13.3,13.35,13.39,50095135,670823627.2,43759,4916706,9.81,1,2019,19.861588136973133,-0.014760147601476148,Slight or No change
419,RCOM,EQ,2019-01-21,13.35,13.4,13.5,13.05,13.2,13.1,13.26,46124415,611697887.2,59676,4167218,9.03,1,2019,19.85303066478985,-0.01872659176029967,Slight or No change
420,RCOM,EQ,2019-01-22,13.1,13.1,13.45,12.85,13.25,13.35,13.07,59954052,783656223.85,50152,7394558,12.33,1,2019,19.841620882044275,0.01908396946564883,Slight or No change
421,RCOM,EQ,2019-01-23,13.35,13.3,13.4,12.85,13.0,12.95,13.11,59736285,782899815.6,23826,6592494,11.04,1,2019,19.830357582176877,-0.029962546816479474,Slight or No change
422,RCOM,EQ,2019-01-24,12.95,12.75,13.2,12.65,12.85,12.85,12.94,62852835,813167132.95,54526,8098766,12.89,1,2019,19.8182485196372,-0.007722007722007707,Slight or No change
423,RCOM,EQ,2019-01-25,12.85,12.85,12.95,12.35,12.4,12.45,12.65,27002942,341529084.9,54275,6726541,24.91,1,2019,19.812840475185023,-0.0311284046692607,Slight or No change
424,RCOM,EQ,2019-01-28,12.45,12.45,12.45,11.85,12.2,12.15,12.14,47207121,573045484.6,21446,7311111,15.49,1,2019,19.802733821826468,-0.02409638554216864,Slight or No change
425,RCOM,EQ,2019-01-29,12.15,12.05,12.6,12.0,12.1,12.1,12.28,44626964,548216417.55,16778,5975234,13.39,1,2019,19.79337812209601,-0.004115226337448652,Slight or No change
426,RCOM,EQ,2019-01-30,12.1,12.1,12.35,11.35,11.45,11.55,11.86,43666454,517848431.0,21540,7832185,17.94,1,2019,19.783735810767723,-0.045454545454545414,Slight or No change
427,RCOM,EQ,2019-01-31,11.55,11.55,12.1,10.9,12.0,11.75,11.38,61641012,701583036.45,53278,11235837,18.23,1,2019,19.76934210123263,0.017316017316017174,Slight or No change
428,RCOM,EQ,2019-02-01,11.75,12.0,12.1,11.5,11.55,11.6,11.81,56418188,666200143.75,29929,5544985,9.83,2,2019,19.75688415079305,-0.012765957446808529,Slight or No change
429,RCOM,EQ,2019-02-04,11.6,10.45,10.45,5.3,7.55,7.55,7.34,378845417,2780726185.1,182518,48347702,12.76,2,2019,19.62773717377879,-0.34913793103448276,Slight or No change
430,RCOM,EQ,2019-02-05,7.55,7.45,7.55,5.35,5.4,5.55,6.13,393801088,2412313134.1,166348,62373515,15.84,2,2019,19.483367067231182,-0.26490066225165565,Slight or No change
431,RCOM,EQ,2019-02-06,5.55,5.25,6.55,4.85,5.65,5.5,5.32,272318926,1448155094.35,88449,37594051,13.81,2,2019,19.379379034307497,-0.009009009009009028,Slight or No change
432,RCOM,EQ,2019-02-07,5.5,5.5,5.7,4.9,5.15,5.2,5.19,186818436,970164415.45,60781,30930183,16.56,2,2019,19.30826748114293,-0.054545454545454564,Slight or No change
433,RCOM,EQ,2019-02-08,5.2,4.9,5.55,4.9,5.45,5.35,5.32,136497533,726241047.65,42039,15183219,11.12,2,2019,19.257233620375043,0.028846153846153744,Slight or No change
434,RCOM,EQ,2019-02-11,5.35,5.75,5.75,5.2,5.35,5.35,5.35,62523776,334552325.2,25040,9594411,15.35,2,2019,19.234031350274446,0.0,Slight or No change
435,RCOM,EQ,2019-02-12,5.35,5.35,5.75,5.1,5.6,5.65,5.41,88569746,479551284.45,30659,13550660,15.3,2,2019,19.20143721562307,0.056074766355140415,Slight or No change
436,RCOM,EQ,2019-02-13,5.65,5.55,6.05,5.35,5.75,5.8,5.77,124810464,720472989.05,52589,12312563,9.87,2,2019,19.156958497658476,0.0265486725663715,Slight or No change
437,RCOM,EQ,2019-02-14,5.8,5.75,5.75,5.2,5.65,5.55,5.52,90978467,501885329.85,34636,18468677,20.3,2,2019,19.12411965562966,-0.0431034482758621,Slight or No change
438,RCOM,EQ,2019-02-15,5.55,5.5,5.7,5.4,5.45,5.5,5.53,56200999,310962284.65,24834,7861702,13.99,2,2019,19.103927566067075,-0.009009009009009028,Slight or No change
439,RCOM,EQ,2019-02-18,5.5,6.05,6.85,5.9,6.15,6.1,6.14,105009120,644807886.3,45477,16232368,15.46,2,2019,19.068048087896347,0.10909090909090913,Slight or No change
440,RCOM,EQ,2019-02-19,6.1,6.2,6.2,5.95,6.05,6.0,6.1,53952257,329077217.35,22491,8725701,16.17,2,2019,19.04963402528834,-0.016393442622950727,Slight or No change
441,RCOM,EQ,2019-02-20,6.0,6.1,6.15,5.45,6.0,5.75,5.72,134464383,768801965.8,52194,15184204,11.29,2,2019,19.002627662520318,-0.04166666666666663,Slight or No change
442,RCOM,EQ,2019-02-21,5.75,5.85,6.55,5.7,6.45,6.35,6.06,115064994,697353593.5,45498,21068382,18.31,2,2019,18.963688353250316,0.10434782608695636,Slight or No change
443,RCOM,EQ,2019-02-22,6.35,6.35,7.65,6.25,6.5,6.5,6.87,244157493,1676795054.05,86265,45375729,18.58,2,2019,18.886972048646935,0.023622047244094446,Slight or No change
444,RCOM,EQ,2019-02-25,6.5,6.5,6.5,5.9,6.15,6.0,6.07,95247158,577970050.45,30672,20987169,22.03,2,2019,18.855333036435695,-0.07692307692307687,Slight or No change
445,RCOM,EQ,2019-02-26,6.0,5.9,6.65,5.85,6.4,6.4,6.28,121674643,763709453.35,38280,14618726,12.01,2,2019,18.815802049309042,0.06666666666666665,Slight or No change
446,RCOM,EQ,2019-02-27,6.4,6.45,6.7,6.2,6.55,6.5,6.46,103565202,669084523.3,39706,18114769,17.49,2,2019,18.782830268325558,0.015625,Slight or No change
447,RCOM,EQ,2019-02-28,6.5,6.5,6.65,6.3,6.5,6.5,6.45,89537271,577419613.35,48662,17743671,19.82,2,2019,18.754443011923453,0.0,Slight or No change
448,RCOM,EQ,2019-03-01,6.5,6.55,6.75,6.5,6.6,6.6,6.61,37810434,249762715.4,18634,10474837,27.7,3,2019,18.74265001609822,0.01538461538461533,Slight or No change
449,RCOM,EQ,2019-03-05,6.6,6.6,6.7,6.45,6.65,6.65,6.62,29368036,194288655.6,14126,11119144,37.86,3,2019,18.73351351494858,0.007575757575757791,Slight or No change
450,RCOM,EQ,2019-03-06,6.65,6.7,6.75,5.9,6.05,6.05,6.3,51975776,327247819.75,23731,26058688,50.14,3,2019,18.716951110131763,-0.09022556390977454,Slight or No change
451,RCOM,EQ,2019-03-07,6.05,6.1,6.1,5.85,5.95,5.9,6.0,24126795,144651080.45,13686,13759069,57.03,3,2019,18.709092554730773,-0.024793388429751984,Slight or No change
452,RCOM,EQ,2019-03-08,5.9,6.0,6.0,5.8,5.9,5.85,5.88,17747421,104368884.7,10296,8321760,46.89,3,2019,18.70326355676873,-0.008474576271186529,Slight or No change
453,RCOM,EQ,2019-03-11,5.85,5.85,5.9,5.25,5.3,5.35,5.53,46595548,257698007.25,43039,32751868,70.29,3,2019,18.687567782174046,-0.0854700854700855,Slight or No change
454,RCOM,EQ,2019-03-12,5.35,5.45,5.55,5.05,5.15,5.1,5.24,45161652,236479453.2,34278,32162445,71.22,3,2019,18.67205615822743,-0.04672897196261683,Slight or No change
455,RCOM,EQ,2019-03-13,5.1,5.15,5.15,4.8,4.95,4.9,4.97,42631323,211772575.85,47039,29726127,69.73,3,2019,18.657152748885366,-0.039215686274509665,Slight or No change
456,RCOM,EQ,2019-03-14,4.9,4.9,4.95,4.6,4.7,4.65,4.72,36928629,174253620.85,43025,23059893,62.44,3,2019,18.644033791254987,-0.05102040816326525,Slight or No change
457,RCOM,EQ,2019-03-15,4.65,4.7,4.7,4.35,4.4,4.4,4.44,49090349,218084533.3,38116,33229307,67.69,3,2019,18.626282628224956,-0.053763440860215006,Slight or No change
458,RCOM,EQ,2019-03-18,4.4,4.3,4.3,3.95,4.0,4.0,4.06,70109329,284378192.8,56869,48201468,68.75,3,2019,18.600330732243794,-0.09090909090909094,Slight or No change
459,RCOM,EQ,2019-03-19,4.0,4.4,4.4,4.3,4.4,4.4,4.4,106963985,470612563.2,21661,66197153,61.89,3,2019,18.56183596632351,0.10000000000000009,Slight or No change
460,RCOM,EQ,2019-03-20,4.4,4.8,4.8,4.65,4.8,4.8,4.79,35449865,169930748.95,7128,23544920,66.42,3,2019,18.549474156109646,0.09090909090909083,Slight or No change
461,RCOM,EQ,2019-03-22,4.8,5.25,5.25,4.85,5.25,5.25,5.16,211154872,1088614340.15,71779,78830388,37.33,3,2019,18.47826686507286,0.09375,Slight or No change
462,RCOM,EQ,2019-03-25,5.25,5.15,5.15,5.0,5.0,5.0,5.04,57980600,292409608.85,19813,32205643,55.55,3,2019,18.458671558404458,-0.04761904761904767,Slight or No change
463,RCOM,EQ,2019-03-26,5.0,4.75,4.85,4.75,4.75,4.75,4.75,20811969,98872774.5,9136,13079048,62.84,3,2019,18.451500101604,-0.050000000000000044,Slight or No change
464,RCOM,EQ,2019-03-27,4.75,4.55,4.55,4.55,4.55,4.55,4.55,4895814,22275953.7,5163,4875004,99.57,3,2019,18.449789566543924,-0.04210526315789476,Slight or No change
465,RCOM,EQ,2019-03-28,4.55,4.35,4.35,4.35,4.35,4.35,4.35,6336135,27562187.25,5612,6320815,99.76,3,2019,18.447544582277626,-0.04395604395604402,Slight or No change
466,RCOM,EQ,2019-03-29,4.35,4.15,4.15,4.15,4.15,4.15,4.15,8838819,36681098.85,7249,8788677,99.43,3,2019,18.444369642458057,-0.045977011494252706,Slight or No change
467,RCOM,EQ,2019-04-01,4.15,3.95,4.1,3.95,3.95,3.95,3.98,100285154,398872434.25,19061,46291324,46.16,4,2019,18.408018076746824,-0.048192771084337394,Slight or No change
468,RCOM,EQ,2019-04-02,3.95,3.85,3.9,3.8,3.8,3.8,3.83,27477288,105330027.55,8001,19985342,72.73,4,2019,18.397986704055988,-0.03797468354430389,Slight or No change
469,RCOM,EQ,2019-04-03,3.8,3.65,3.65,3.65,3.65,3.65,3.65,7529599,27483036.35,5909,5629589,74.77,4,2019,18.395206282056645,-0.03947368421052633,Slight or No change
470,RCOM,EQ,2019-04-04,3.65,3.5,3.7,3.5,3.5,3.5,3.54,104887888,371389597.1,16753,43228570,41.21,4,2019,18.356295397863693,-0.041095890410958846,Slight or No change
471,RCOM,EQ,2019-04-05,3.5,3.35,3.35,3.35,3.35,3.35,3.35,7702191,25802339.85,5554,7697582,99.94,4,2019,18.353409564028325,-0.042857142857142816,Slight or No change
472,RCOM,EQ,2019-04-08,3.35,3.2,3.3,3.2,3.2,3.2,3.21,23464212,75309552.05,5791,14116256,60.16,4,2019,18.34454292906387,-0.04477611940298509,Slight or No change
473,RCOM,EQ,2019-04-09,3.2,3.05,3.05,3.05,3.05,3.05,3.05,5846693,17832413.65,4987,5286979,90.43,4,2019,18.34231186200765,-0.04687500000000011,Slight or No change
474,RCOM,EQ,2019-04-10,3.05,2.9,2.9,2.9,2.9,2.9,2.9,7046997,20436291.3,6429,7021726,99.64,4,2019,18.33959726175854,-0.0491803278688524,Slight or No change
475,RCOM,EQ,2019-04-11,2.9,2.8,2.8,2.8,2.8,2.8,2.8,5081476,14228132.8,4456,5051866,99.42,4,2019,18.33762772509592,-0.034482758620689724,Slight or No change
476,RCOM,EQ,2019-04-12,2.8,2.7,2.7,2.7,2.7,2.7,2.7,5218162,14089037.4,4341,5218161,100.0,4,2019,18.33559271607479,-0.03571428571428559,Slight or No change
477,RCOM,EQ,2019-04-15,2.7,2.6,2.7,2.6,2.6,2.6,2.6,38546912,100318875.45,8405,27335283,70.91,4,2019,18.32048032044134,-0.03703703703703709,Slight or No change
478,RCOM,EQ,2019-04-16,2.6,2.5,2.5,2.5,2.5,2.5,2.5,4179555,10448887.5,4527,4179555,100.0,4,2019,18.31883304925011,-0.03846153846153855,Slight or No change
479,RCOM,EQ,2019-04-18,2.5,2.4,2.4,2.4,2.4,2.4,2.4,4123227,9895744.8,3720,4123227,100.0,4,2019,18.31719804359656,-0.040000000000000036,Slight or No change
480,RCOM,EQ,2019-04-22,2.4,2.3,2.3,2.3,2.3,2.3,2.3,4567152,10504449.6,3418,4567152,100.0,4,2019,18.315376022542495,-0.04166666666666674,Slight or No change
481,RCOM,EQ,2019-04-23,2.3,2.2,2.2,2.2,2.2,2.2,2.2,3027180,6659796.0,2983,3027180,100.0,4,2019,18.314161047588836,-0.04347826086956508,Slight or No change
482,RCOM,EQ,2019-04-24,2.2,2.1,2.1,2.1,2.1,2.1,2.1,2377164,4992044.4,2791,2377164,100.0,4,2019,18.31320116845203,-0.045454545454545525,Slight or No change
483,RCOM,EQ,2019-04-25,2.1,2.0,2.0,2.0,2.0,2.0,2.0,5643974,11287948.0,3903,5643974,100.0,4,2019,18.310908580090704,-0.04761904761904767,Slight or No change
484,RCOM,EQ,2019-04-26,2.0,1.9,2.05,1.9,1.9,1.9,1.92,66133254,126814936.7,14346,34175624,51.68,4,2019,18.283961591982013,-0.050000000000000044,Slight or No change
485,RCOM,EQ,2019-04-30,1.9,1.85,1.85,1.85,1.85,1.85,1.85,22861426,42293638.1,4372,22336425,97.7,4,2019,18.274627197563262,-0.02631578947368407,Slight or No change
486,RCOM,EQ,2019-05-02,1.85,1.9,1.9,1.9,1.9,1.9,1.9,16688044,31707283.6,3933,16182408,96.97,5,2019,18.267840829769405,0.027027027027026973,Slight or No change
487,RCOM,EQ,2019-05-03,1.9,1.95,1.95,1.95,1.95,1.95,1.95,2617494,5104113.3,1527,2617394,100.0,5,2019,18.26678015877483,0.026315789473684292,Slight or No change
488,RCOM,EQ,2019-05-06,1.95,2.0,2.0,2.0,2.0,2.0,2.0,2367025,4734050.0,1408,2367025,100.0,5,2019,18.26582404137863,0.025641025641025772,Slight or No change
489,RCOM,EQ,2019-05-07,2.0,2.0,2.1,2.0,2.1,2.1,2.06,64199212,132527487.85,9103,34677474,54.02,5,2019,18.240030213138397,0.050000000000000044,Slight or No change
490,RCOM,EQ,2019-05-08,2.1,2.1,2.2,2.1,2.2,2.2,2.18,27455636,59727557.0,4208,14957834,54.48,5,2019,18.22910581961756,0.04761904761904767,Slight or No change
491,RCOM,EQ,2019-05-09,2.2,2.3,2.3,2.3,2.3,2.3,2.3,7854126,18064489.8,2385,7711773,98.19,5,2019,18.226006800676714,0.04545454545454519,Slight or No change
492,RCOM,EQ,2019-05-10,2.3,2.4,2.4,2.4,2.4,2.4,2.4,3584592,8603020.8,1560,3584592,100.0,5,2019,18.22460169985405,0.04347826086956519,Slight or No change
493,RCOM,EQ,2019-05-13,2.4,2.45,2.5,2.3,2.3,2.3,2.4,42329516,101450335.7,9541,26309575,62.15,5,2019,18.208028078590967,-0.04166666666666674,Slight or No change
